filename,distance_km,elevation_gain,elevation_loss,max_elevation,min_elevation,max_slope,mean_slope,pct_over_30,pct_over_40,pct_over_45,mean_aspect,rugosity_mean,exposed_pct,difficulty
Aran Pirineos. Camino de Santiago,244.86,17759.0,17751.0,2465.0,328.0,87.2,6.17,0.08,0.06,0.04,199.7,8.44,0.0,alta montaña
Ars-Refugi Ras de Conques,4.48,687.0,347.0,1863.0,1396.0,71.11,11.25,0.12,0.07,0.06,284.71,14.01,0.0,difícil
Autour de Saint-Lizier,4.92,313.0,313.0,511.0,412.0,83.11,5.48,0.07,0.05,0.03,73.91,7.49,0.0,difícil
Balade au fil de l'Arize,0.93,78.0,57.0,239.0,195.0,80.38,7.38,0.12,0.08,0.06,190.83,10.28,0.0,difícil
Balade au fil de lâ€™eau,10.04,182.0,185.0,220.0,192.0,36.77,2.28,0.01,0.0,0.0,219.18,3.09,0.0,sendero fácil
Balade d'altitude Beille-Piparlan,4.14,269.0,264.0,1884.0,1714.0,80.8,5.81,0.07,0.04,0.03,97.98,8.15,0.0,difícil
Balade des abris,2.33,37.0,58.0,214.0,192.0,50.37,2.74,0.02,0.01,0.01,115.08,3.73,0.0,sendero fácil
Balade des coteaux,5.0,214.0,306.0,314.0,195.0,76.19,4.68,0.05,0.04,0.04,303.94,6.76,0.0,moderado
Balade du Pech de Montgailhard,7.17,713.0,695.0,881.0,455.0,79.53,7.11,0.1,0.06,0.05,329.52,9.74,0.0,difícil
Balade du Saint-Sauveur de Foix,1.67,60.0,264.0,596.0,383.0,78.61,5.4,0.08,0.06,0.05,136.22,7.61,0.0,difícil
Ballade de la chapelle Saint-Barthelemy,4.42,547.0,463.0,1255.0,875.0,64.74,10.91,0.16,0.08,0.06,351.57,13.48,0.0,difícil
Bassa d'Oles,1.76,134.0,134.0,1686.0,1601.0,59.42,7.83,0.09,0.06,0.06,357.42,10.02,0.0,moderado
Benasque â€“ Cerler,4.95,631.0,257.0,1529.0,1131.0,77.35,7.59,0.13,0.08,0.08,128.85,10.1,0.0,difícil
Benasque â€“ Ermita de San JosÃ© â€“ Eriste,3.21,180.0,238.0,1151.0,1081.0,78.33,7.82,0.12,0.08,0.06,230.16,10.96,0.0,difícil
Betesa - Santorens - Pallerol - Betesa,10.51,698.0,796.0,1153.0,884.0,63.73,7.47,0.09,0.05,0.04,205.3,10.15,0.0,moderado
Bois du Chapitre,5.11,261.0,173.0,343.0,218.0,64.82,5.41,0.02,0.02,0.02,91.77,7.11,0.0,moderado
Borda de Mateu,18.44,1938.0,1938.0,1394.0,668.0,84.68,6.77,0.1,0.08,0.07,289.17,9.5,0.0,difícil
Bordes de BossÃ²st,10.58,1450.0,1463.0,1183.0,689.0,83.3,7.79,0.11,0.1,0.09,246.18,10.71,0.0,alta montaña
Bordes de Cardedo,6.11,815.0,846.0,1603.0,1244.0,77.85,8.27,0.14,0.1,0.08,9.78,10.96,0.0,difícil
BorÃ©n-Ã€rreu,3.38,419.0,419.0,1368.0,1106.0,79.92,8.01,0.13,0.09,0.08,326.24,10.91,0.0,difícil
Bosquet de PuigcerdÃ  llac de Torniquet,5.68,117.0,98.0,1234.0,1180.0,41.62,2.07,0.01,0.01,0.0,245.9,2.6,0.0,sendero fácil
Boucle dans la vallÃ©e du Larboust et la VallÃ©e d'Oueil,17.01,1348.0,1592.0,1389.0,932.0,81.25,8.05,0.11,0.07,0.06,107.41,10.76,0.0,alta montaña
Boucle de Bals,1.22,203.0,175.0,1119.0,973.0,79.43,10.52,0.18,0.14,0.12,95.35,15.88,0.0,alta montaña
Boucle de la chapelle de l'isard,23.89,2221.0,2758.0,1886.0,837.0,87.19,8.44,0.12,0.09,0.09,157.59,11.78,0.0,alpinismo ligero
Boucle de la Chapelle,3.85,492.0,504.0,1146.0,930.0,81.94,10.94,0.17,0.14,0.13,323.09,15.33,0.0,alpinismo ligero
Boucle de Saint-Hilaire,7.24,317.0,317.0,284.0,150.0,65.98,4.37,0.04,0.02,0.02,162.51,5.88,0.0,moderado
Boucle des etangs du Carlit (variante 9 lacs),7.88,302.0,384.0,2245.0,2039.0,72.87,3.99,0.04,0.02,0.01,332.88,5.35,0.0,difícil
Boucle des Fontaines,3.43,146.0,149.0,315.0,250.0,68.76,4.24,0.05,0.02,0.02,113.24,5.63,0.0,moderado
Boucle du Pic de la PÃ¨ne,1.93,343.0,343.0,895.0,741.0,80.58,10.89,0.17,0.12,0.11,173.15,13.84,0.0,alta montaña
BÃ©ixec - Estana - Pla de l'Ã€liga,10.63,968.0,968.0,1584.0,1283.0,77.48,7.38,0.1,0.08,0.06,27.11,10.08,0.0,difícil
Camin Reiau - Etapa 1,15.7,1091.0,806.0,1353.0,975.0,79.52,5.06,0.05,0.03,0.02,78.27,6.85,0.0,difícil
Camin Reiau - Etapa 2,12.57,1016.0,622.0,1881.0,1261.0,81.02,4.95,0.07,0.04,0.04,55.06,6.77,0.0,difícil
Camin Reiau - Etapa 3,16.51,1183.0,1684.0,1899.0,1152.0,84.51,6.08,0.09,0.07,0.05,239.36,8.42,0.0,difícil
Camin Reiau - Etapa 4,17.5,896.0,999.0,1259.0,953.0,79.52,5.64,0.05,0.04,0.02,318.53,7.66,0.0,difícil
Camin Reiau - Etapa 5,16.15,2001.0,1777.0,1317.0,863.0,83.5,7.87,0.11,0.08,0.08,257.96,10.92,0.0,alpinismo ligero
Camin Reiau - Etapa 6,12.52,1050.0,1679.0,1395.0,635.0,86.56,6.43,0.09,0.07,0.06,329.05,8.89,0.0,difícil
Camin Reiau - Etapa 7,22.46,2756.0,2670.0,1269.0,618.0,85.57,8.83,0.14,0.11,0.1,197.43,12.21,0.0,alpinismo ligero
Camin Reiau - Etapa 8,18.84,1756.0,1501.0,1151.0,715.0,84.96,6.76,0.09,0.07,0.05,140.58,9.43,0.0,difícil
Camin Reiau - Variant Canejan,26.78,3852.0,3845.0,1390.0,603.0,84.74,11.84,0.17,0.12,0.11,232.3,15.71,0.0,alpinismo ligero
Camino Benasque-Cerler,4.27,553.0,507.0,1510.0,1146.0,76.04,7.89,0.12,0.1,0.09,279.82,10.72,0.0,difícil
Camino de Ampriu al Pico Cerler,2.24,510.0,54.0,2383.0,1901.0,81.39,7.92,0.13,0.09,0.09,313.63,11.12,0.0,alta montaña
Camino de La Ball,3.05,177.0,75.0,1272.0,1148.0,48.5,3.94,0.04,0.03,0.02,44.77,5.26,0.0,sendero fácil
Camino de la CabaÃ±era,4.73,447.0,467.0,1540.0,1419.0,73.69,8.67,0.14,0.11,0.08,158.73,12.41,0.0,difícil
Camino de la Coma,9.74,1672.0,1052.0,1909.0,1251.0,79.74,8.71,0.13,0.11,0.1,323.47,12.19,0.0,alta montaña
Camino de la MontaÃ±a: Denuy - Bordas d'es Plans,7.34,1190.0,1311.0,1606.0,1298.0,75.2,14.97,0.23,0.16,0.14,199.0,20.17,0.0,alta montaña
Camino del Correo,11.52,1093.0,791.0,1506.0,919.0,70.22,8.39,0.1,0.07,0.05,338.03,11.35,0.0,difícil
Camino del Rigau,2.32,401.0,335.0,1305.0,1148.0,74.27,10.03,0.16,0.12,0.12,41.08,14.24,0.0,alta montaña
Camins miners i contrabandistes,4.55,675.0,1030.0,1019.0,616.0,84.74,14.39,0.23,0.18,0.16,270.12,19.11,0.0,alpinismo ligero
CampdevÃ nol-Ripoll pel camÃ­ ral,10.06,508.0,508.0,809.0,688.0,82.47,4.61,0.05,0.04,0.04,246.19,6.42,0.0,difícil
Camprodon ruta per la carena de Serra Cavallera,20.76,1873.0,1861.0,1885.0,949.0,79.45,7.95,0.11,0.08,0.06,311.17,10.58,0.0,difícil
CamÃ­ de Boscalt,3.96,269.0,163.0,1478.0,1344.0,58.5,5.85,0.06,0.03,0.03,171.01,7.86,0.0,moderado
CamÃ­ de la Freita,8.24,677.0,665.0,1186.0,647.0,68.33,6.82,0.1,0.05,0.04,154.57,8.72,0.0,moderado
CamÃ­ de l'Aigua,28.35,1949.0,2570.0,1502.0,824.0,84.91,5.31,0.07,0.06,0.06,193.6,7.42,0.0,difícil
CamÃ­ de les Veus del Pamano,6.28,690.0,911.0,1525.0,1194.0,82.85,6.43,0.1,0.09,0.08,163.2,9.07,0.0,alta montaña
CamÃ­ de l'Ossa,31.92,3976.0,3609.0,2841.0,1251.0,83.52,8.09,0.12,0.09,0.08,64.61,11.15,0.0,alpinismo ligero
CamÃ­ de l'Ãšltim CÃ tar,223.11,20492.0,20811.0,2529.0,473.0,88.4,7.09,0.1,0.08,0.07,357.94,9.73,0.0,alta montaña
CamÃ­ de Picasso,58.26,5599.0,5306.0,2418.0,733.0,84.88,6.57,0.09,0.07,0.06,306.13,9.04,0.0,alta montaña
CamÃ­ de Rus,18.94,2588.0,2036.0,2608.0,1440.0,87.82,5.08,0.07,0.07,0.07,107.96,7.22,0.0,alta montaña
CamÃ­ del Llobregat,187.42,9519.0,10900.0,1381.0,-6.0,81.52,5.18,0.07,0.04,0.04,182.28,7.14,0.0,alta montaña
CamÃ­ del sol,31.23,3634.0,3634.0,2629.0,1248.0,83.41,9.14,0.13,0.09,0.08,235.51,12.22,0.0,alpinismo ligero
CamÃ­ dels bons homes - Catalunya,100.53,10809.0,9780.0,2501.0,809.0,86.44,7.58,0.11,0.08,0.07,341.37,10.43,0.0,alpinismo ligero
CamÃ­ dels bons homes - FranÃ§a,88.02,7788.0,8599.0,2517.0,822.0,85.23,8.46,0.12,0.08,0.07,345.49,11.59,0.0,alpinismo ligero
CamÃ­ Natural de les Mines de la Ribera de l'Urgellet,17.6,1242.0,1242.0,1200.0,627.0,81.68,6.55,0.09,0.07,0.06,74.1,9.12,0.0,difícil
CamÃ­ Natural de Sort i la Vall d'Ã€ssua,21.45,3356.0,1915.0,2143.0,700.0,86.65,5.88,0.09,0.07,0.07,335.83,8.22,0.0,alta montaña
CamÃ­ Natural del Port de Vielha,18.43,2279.0,1678.0,2465.0,1016.0,87.2,6.34,0.09,0.08,0.07,172.46,8.65,0.0,alta montaña
CamÃ­ Oliba. Variant Rajols - Sant Joan de les Abadesses,51.84,5299.0,5598.0,1529.0,770.0,85.09,6.37,0.1,0.08,0.07,331.54,8.78,0.0,alta montaña
CamÃ­ Oliba,244.36,17166.0,16329.0,1627.0,165.0,86.09,5.63,0.07,0.05,0.04,19.41,7.76,0.0,alta montaña
CamÃ­ Ramader de Marina,860.87,24118.0,24144.0,1926.0,0.0,84.54,4.95,0.06,0.04,0.03,5.75,6.77,0.0,difícil
CamÃ­ Vell de Montsor,14.21,1692.0,1692.0,1242.0,533.0,87.19,4.27,0.06,0.06,0.05,203.03,6.02,0.0,difícil
Carros de Foc Plus,24.06,2728.0,2153.0,2742.0,1631.0,87.09,6.68,0.09,0.08,0.07,273.43,8.94,0.0,alta montaña
Carros de Foc,54.24,6453.0,6537.0,2741.0,1889.0,87.54,6.45,0.1,0.07,0.07,112.55,8.8,0.0,alta montaña
Cascade d'Ars,12.06,1871.0,1171.0,1874.0,770.0,84.67,7.81,0.12,0.1,0.09,75.79,10.97,0.0,alta montaña
Cascade de Planque,3.77,656.0,653.0,771.0,497.0,67.87,14.71,0.22,0.13,0.12,300.54,18.32,0.0,difícil
CastejÃ³n de Sos - ArasÃ¡n - Liri - Sos - CastejÃ³n de Sos,10.09,720.0,720.0,1332.0,903.0,79.81,6.13,0.07,0.06,0.05,233.82,8.47,0.0,difícil
CastejÃ³n de Sos - Bisaurri - Urmella - ArasÃ¡n,8.99,899.0,574.0,1372.0,922.0,67.45,8.05,0.1,0.06,0.04,35.36,10.82,0.0,moderado
CastellbÃ²-Sendes-Solanell,18.34,2004.0,1549.0,1286.0,800.0,85.71,6.03,0.09,0.07,0.06,338.82,8.16,0.0,alta montaña
Cava Tossal de Bades Querforadat,7.01,819.0,797.0,1612.0,1299.0,81.75,9.69,0.17,0.11,0.07,275.77,13.45,0.0,difícil
Cavalls del Vent,75.66,10397.0,10397.0,2526.0,910.0,86.59,9.2,0.14,0.11,0.09,113.65,12.55,0.0,alpinismo ligero
Chemin de GÃ©nat,5.41,291.0,749.0,990.0,487.0,79.93,6.33,0.1,0.08,0.06,33.11,8.72,0.0,difícil
Chemin des Cascades,1.89,332.0,334.0,1605.0,1431.0,85.36,8.58,0.14,0.13,0.1,216.85,11.65,0.0,alta montaña
Chemin des crÃªtes,8.03,215.0,153.0,334.0,234.0,53.9,2.86,0.02,0.01,0.01,334.74,3.88,0.0,sendero fácil
Chemin du PiÃ©mont PyrÃ©nÃ©en,16.96,895.0,805.0,618.0,383.0,84.36,4.71,0.05,0.03,0.02,230.81,6.42,0.0,difícil
Chemin du PiÃ©mont PyrÃ©nÃ©en,26.99,591.0,433.0,276.0,102.0,63.54,2.4,0.01,0.01,0.01,261.78,3.21,0.0,moderado
Chemin du PiÃ©mont PyrÃ©nÃ©en,42.28,2121.0,2122.0,539.0,281.0,77.97,4.81,0.05,0.03,0.02,254.07,6.52,0.0,difícil
Chemin du PiÃ©mont PyrÃ©nÃ©en,30.8,1577.0,1428.0,527.0,290.0,81.34,4.83,0.05,0.03,0.03,239.71,6.52,0.0,difícil
Chemin du PiÃ©mont PyrÃ©nÃ©en,27.27,1535.0,1625.0,967.0,440.0,85.43,5.7,0.06,0.03,0.03,284.42,7.28,0.0,difícil
Chemin du PiÃ©mont PyrÃ©nÃ©en,15.33,1452.0,1719.0,1206.0,486.0,78.02,9.55,0.14,0.07,0.06,301.2,12.54,0.0,difícil
Chemin du PiÃ©mont PyrÃ©nÃ©en,21.15,2062.0,1709.0,931.0,510.0,84.08,7.58,0.1,0.06,0.05,276.38,10.32,0.0,alta montaña
Chemin du PiÃ©mont PyrÃ©nÃ©en,24.72,805.0,827.0,450.0,300.0,55.51,3.92,0.03,0.01,0.01,225.67,5.12,0.0,sendero fácil
Chemin du PiÃ©mont PyrÃ©nÃ©en,14.62,456.0,381.0,339.0,176.0,64.39,2.98,0.01,0.01,0.01,257.77,3.91,0.0,moderado
Chemin du PiÃ©mont PyrÃ©nÃ©en,19.96,1148.0,1095.0,623.0,457.0,71.77,5.08,0.06,0.04,0.03,277.48,6.79,0.0,difícil
Chemin du PiÃ©mont PyrÃ©nÃ©en,33.9,1004.0,1022.0,435.0,257.0,69.92,3.25,0.03,0.01,0.01,279.83,4.38,0.0,moderado
Chemin du PiÃ©mont (variante),10.86,318.0,387.0,450.0,313.0,71.26,3.48,0.03,0.01,0.01,227.51,4.62,0.0,moderado
Chemin Vauban,92.17,7818.0,8389.0,1992.0,429.0,85.56,7.28,0.1,0.08,0.07,104.91,10.04,0.0,alta montaña
Circuit de la HÃ¨che,7.58,155.0,161.0,327.0,233.0,42.97,2.28,0.0,0.0,0.0,177.12,2.76,0.0,sendero fácil
Circuit des deux Fontaines de Sieuras,1.59,77.0,77.0,348.0,284.0,58.21,3.71,0.02,0.01,0.01,135.9,5.09,0.0,sendero fácil
Circuit du Bousquet,13.2,587.0,578.0,581.0,428.0,64.29,5.48,0.07,0.04,0.02,51.74,7.6,0.0,moderado
Circuit du Taus,13.77,1181.0,1258.0,1365.0,768.0,81.82,7.02,0.11,0.07,0.05,81.0,9.62,0.0,difícil
Circular Val d'Aran,92.49,10343.0,10271.0,2698.0,606.0,88.3,7.96,0.11,0.09,0.07,169.76,10.96,0.0,alpinismo ligero
Cirque de la GlÃ¨re,18.7,1867.0,1841.0,1617.0,1023.0,83.92,9.98,0.16,0.13,0.11,60.21,13.56,0.0,alta montaña
Col de Gamel via Col de Foujoul,6.19,1045.0,920.0,1430.0,973.0,79.52,10.52,0.16,0.14,0.13,58.26,14.48,0.0,alta montaña
Col de Lastris,2.87,561.0,37.0,1428.0,904.0,69.97,9.06,0.12,0.08,0.04,161.74,10.35,0.0,moderado
Coll de Bauma,5.24,735.0,735.0,1641.0,1387.0,79.04,10.51,0.17,0.13,0.12,272.93,14.63,0.0,alta montaña
"Coll de Serreres, Vilaller",7.84,1230.0,1019.0,1439.0,981.0,82.49,9.84,0.15,0.11,0.1,86.6,13.43,0.0,alta montaña
Coll de Setfons,3.86,829.0,73.0,2184.0,1428.0,79.29,10.0,0.17,0.12,0.09,46.82,13.36,0.0,alta montaña
Coll d'Eruga - Coll de CristiÃ ,7.05,834.0,805.0,1612.0,1292.0,81.75,9.9,0.17,0.11,0.07,86.25,13.63,0.0,difícil
Colls de Sant Roc. Adons,15.18,1731.0,1954.0,1500.0,905.0,86.36,5.74,0.08,0.07,0.07,31.68,8.0,0.0,difícil
Comabona des del Coll de Bauma per la Pleta de Guilla,11.23,1966.0,1966.0,2514.0,1631.0,86.65,6.63,0.1,0.08,0.08,335.6,9.31,0.0,alpinismo ligero
Congost de Collegats,9.32,1154.0,1248.0,807.0,553.0,87.37,4.34,0.06,0.05,0.05,214.34,5.94,0.0,difícil
Cornellana,8.2,1041.0,1041.0,1825.0,1231.0,79.73,7.94,0.11,0.07,0.07,335.59,10.94,0.0,difícil
Coves de la Fou Empedrats de Bor Mirador Cap de Ras,12.45,1190.0,1197.0,1729.0,1089.0,81.3,6.88,0.11,0.08,0.07,189.98,9.35,0.0,difícil
Cresta del Besiberri,2.32,376.0,232.0,2979.0,2767.0,83.01,5.07,0.07,0.07,0.06,190.58,7.34,0.0,alta montaña
Dans les estives et les vieux villages,20.24,2614.0,2415.0,1721.0,874.0,78.69,9.39,0.15,0.12,0.1,55.67,12.55,0.0,alta montaña
D'Aurignac Ã  Gourdan,69.57,2037.0,1993.0,525.0,261.0,65.89,3.69,0.03,0.02,0.01,235.81,4.81,0.0,moderado
De Gourdan Ã  Saint-PÃ©-d'Ardet,37.6,1482.0,1303.0,650.0,415.0,85.43,3.77,0.03,0.01,0.01,131.27,4.98,0.0,difícil
De la CathÃ©drale au chemin de la Coque et du Vila,10.96,386.0,377.0,307.0,212.0,69.36,4.93,0.06,0.02,0.02,285.13,6.55,0.0,moderado
De la cathÃ©drale au Village Gaulois,28.12,389.0,393.0,265.0,213.0,77.87,3.96,0.05,0.04,0.03,224.2,5.44,0.0,moderado
"De la Manche aux PyrÃ©nÃ©es 24, Sournia - Bourg-Madame",130.31,14924.0,14322.0,2427.0,238.0,87.05,7.97,0.12,0.09,0.08,227.53,11.0,0.0,alpinismo ligero
De Marc Ã  l'Artigue,6.56,866.0,771.0,1323.0,1041.0,86.65,11.78,0.19,0.15,0.12,237.5,16.14,0.0,alpinismo ligero
De Saint-PÃ©-d'Ardet Ã  BagnÃ¨res-de-Luchon,47.2,5027.0,5009.0,1214.0,502.0,82.87,8.53,0.12,0.09,0.08,187.38,11.55,0.0,alpinismo ligero
De Sainte-Foy Ã  Aurignac,73.89,2146.0,2020.0,447.0,234.0,68.35,3.47,0.02,0.0,0.0,218.85,4.5,0.0,moderado
De Setcases a Vilallonga de Ter,14.37,2060.0,2282.0,1633.0,1061.0,83.48,9.33,0.13,0.11,0.11,156.28,12.86,0.0,alpinismo ligero
Del Pont de Bar Nou als Arenys,7.26,676.0,617.0,942.0,840.0,65.14,10.95,0.16,0.09,0.06,115.37,14.27,0.01,difícil
"Des Vosges aux PyrÃ©nÃ©es 11, Revel - Mirepoix",64.33,1560.0,1878.0,624.0,129.0,69.47,3.29,0.02,0.01,0.01,201.37,4.26,0.0,moderado
"Des Vosges aux PyrÃ©nÃ©es 12, Mirepoix - Camon",17.4,559.0,500.0,425.0,303.0,42.85,3.63,0.03,0.01,0.0,137.03,4.82,0.0,sendero fácil
"Des Vosges aux PyrÃ©nÃ©es 13, vers le Col de Tougnets",79.63,6638.0,4753.0,2248.0,363.0,85.04,7.01,0.09,0.06,0.05,183.91,9.46,0.0,alta montaña
"Des Vosges aux PyrÃ©nÃ©es 14, Porte de Barboilliere - Portella Blanca d'Andorra",41.67,5415.0,5162.0,2517.0,1313.0,88.31,7.29,0.11,0.09,0.07,228.87,10.12,0.0,alpinismo ligero
"Des Vosges aux PyrÃ©nÃ©es, variante",77.52,7145.0,5348.0,2181.0,351.0,88.39,6.64,0.08,0.06,0.05,174.21,9.1,0.0,alta montaña
D'Estamariu a Bescaran,8.79,1498.0,1498.0,1412.0,1018.0,83.92,9.91,0.16,0.12,0.11,68.06,13.94,0.0,alta montaña
D'Illier Ã  LapÃ¨ge,3.48,567.0,468.0,1048.0,921.0,69.61,11.73,0.16,0.13,0.09,59.58,15.66,0.0,difícil
E01,11.6,1056.0,1224.0,889.0,689.0,79.68,9.64,0.12,0.08,0.06,183.96,13.46,0.0,difícil
E02,15.41,1668.0,973.0,1457.0,668.0,72.0,7.92,0.11,0.06,0.05,171.97,10.63,0.0,difícil
E03,9.4,809.0,1067.0,1429.0,1005.0,83.07,7.54,0.11,0.08,0.06,115.27,10.36,0.0,difícil
E04,15.49,1154.0,1359.0,1684.0,855.0,77.17,6.94,0.1,0.06,0.04,171.2,9.51,0.0,difícil
El CamÃ­ IT1TR3 El CamÃ­ CapÃ§aler: de Salzes a Balaguer,82.96,5467.0,4421.0,1353.0,275.0,86.19,5.06,0.06,0.04,0.04,300.1,6.92,0.0,alta montaña
El CamÃ­ IT1TR4 El CamÃ­ CapÃ§aler: de Salzes a Balaguer,197.67,15262.0,15072.0,1814.0,528.0,86.46,6.33,0.09,0.07,0.06,343.65,8.7,0.0,alta montaña
El CamÃ­ IT1TR5 El CamÃ­ CapÃ§aler: de Salzes a Balaguer,156.41,17460.0,18274.0,2574.0,679.0,87.17,6.94,0.1,0.08,0.07,233.23,9.59,0.0,alta montaña
El CamÃ­ IT1TR6 El CamÃ­ CapÃ§aler: de Salzes a Balaguer,221.74,20418.0,20387.0,1814.0,589.0,87.86,6.73,0.09,0.07,0.06,258.63,9.21,0.0,alta montaña
El Carrilet d'Estany Gento,7.54,973.0,966.0,2194.0,2078.0,85.07,7.9,0.12,0.1,0.09,159.5,10.97,0.0,alta montaña
El CinquÃ¨ Llac. Etapa 1 : La Pobla de Segur => Peramea,19.11,2013.0,1654.0,1236.0,533.0,87.19,5.14,0.07,0.06,0.05,33.16,7.18,0.0,alta montaña
El CinquÃ¨ Llac. Etapa 2 : Peramea => Beranui,13.48,1613.0,1501.0,1533.0,820.0,81.73,8.82,0.13,0.09,0.08,302.5,11.86,0.0,alta montaña
El CinquÃ¨ Llac. Etapa 3 : Beranui => Les EsglÃ©sies,21.48,2128.0,2103.0,1280.0,880.0,82.19,7.45,0.11,0.08,0.06,279.71,10.17,0.0,alta montaña
El CinquÃ¨ Llac. Etapa 4 : Les EsglÃ©sies => Senterada,23.66,1931.0,2258.0,1558.0,734.0,82.74,7.25,0.1,0.07,0.06,132.03,9.69,0.0,difícil
El CinquÃ¨ Llac. Etapa 5 : Senterada => La Pobla de Segur,22.09,2052.0,2251.0,1333.0,542.0,86.7,4.94,0.07,0.06,0.05,187.9,6.89,0.0,difícil
el Gran Bucle,144.49,14935.0,15114.0,2603.0,606.0,88.3,7.33,0.1,0.08,0.06,164.84,9.97,0.0,alta montaña
El pas del temps: Isil-La Pobla de Segur,10.87,865.0,1081.0,1368.0,955.0,81.03,7.47,0.12,0.08,0.06,151.44,10.39,0.0,difícil
Els 7 llacs de ColomÃ¨rs,5.61,600.0,467.0,2239.0,1967.0,83.53,5.89,0.09,0.07,0.06,156.36,7.95,0.0,difícil
Els Barons d'Erill,12.93,1580.0,1552.0,1516.0,1081.0,85.86,6.28,0.1,0.07,0.06,82.6,8.58,0.0,difícil
Els Carantos de Vilaller,4.0,480.0,480.0,1249.0,969.0,81.04,8.19,0.13,0.11,0.09,8.16,11.4,0.0,alta montaña
Els estanys de Manyanet,10.33,2024.0,1290.0,2448.0,1483.0,84.72,7.15,0.1,0.09,0.09,20.38,10.06,0.0,alpinismo ligero
Encantats,98.05,9608.0,9587.0,2603.0,968.0,87.2,6.78,0.09,0.07,0.06,222.41,9.24,0.0,alta montaña
"Entre antigues parrÃ²quies de GombrÃ¨n, CampdevÃ nol i les Lloses",13.0,1338.0,1338.0,1396.0,866.0,78.3,7.23,0.12,0.09,0.07,33.89,10.02,0.0,difícil
Eriste â€“ Casa de Conques â€“ Anciles,6.54,181.0,165.0,1148.0,1081.0,57.86,2.76,0.02,0.01,0.01,264.26,3.67,0.0,sendero fácil
Espalias,8.21,762.0,762.0,1006.0,638.0,78.64,7.22,0.09,0.08,0.07,3.42,10.16,0.0,difícil
Estana al Coll de la Canal del Cristall,5.55,1233.0,278.0,2490.0,1500.0,84.36,9.12,0.15,0.12,0.1,186.45,12.3,0.0,alpinismo ligero
Estany de MontcortÃ¨s i Bosc Encantat,20.67,1643.0,1612.0,1134.0,801.0,85.07,6.01,0.09,0.07,0.06,323.21,8.45,0.0,difícil
Estanys de la Pera,10.89,783.0,781.0,2435.0,2138.0,83.94,5.59,0.09,0.07,0.06,330.6,7.88,0.0,difícil
Etangs de Fontargente et de l'Estagnol en boucle,13.23,1391.0,1178.0,2166.0,1697.0,86.07,6.65,0.1,0.07,0.06,277.06,9.27,0.0,alta montaña
Etapa 07,14.07,525.0,422.0,644.0,530.0,73.46,3.27,0.05,0.02,0.01,18.39,4.58,0.0,moderado
Etapa 08,14.1,1746.0,1343.0,1048.0,633.0,88.33,4.78,0.07,0.06,0.06,41.47,6.69,0.0,difícil
Etapa 09,8.71,1184.0,908.0,1682.0,960.0,86.3,4.44,0.06,0.05,0.05,25.21,6.22,0.0,difícil
Etapa 10,14.69,1676.0,1924.0,1500.0,925.0,86.36,5.81,0.08,0.07,0.07,31.98,8.11,0.0,difícil
Etapa 11,17.4,1482.0,1870.0,1442.0,824.0,85.37,4.73,0.07,0.06,0.06,299.16,6.62,0.0,difícil
Etapa 12,17.05,1870.0,1680.0,1453.0,844.0,82.19,6.85,0.11,0.09,0.07,98.45,9.36,0.0,difícil
Etapa 13,14.28,1125.0,1401.0,1280.0,733.0,82.19,6.82,0.09,0.06,0.05,138.22,9.38,0.0,difícil
Etapa 14,15.95,1130.0,1251.0,1126.0,621.0,83.78,4.89,0.06,0.05,0.04,102.97,6.76,0.0,difícil
Etapa 15,14.18,1066.0,1007.0,806.0,589.0,79.85,6.33,0.09,0.07,0.06,32.67,8.69,0.0,difícil
Etapa 16,13.8,1920.0,951.0,1651.0,669.0,79.97,8.85,0.12,0.09,0.08,101.17,12.11,0.0,alta montaña
Etapa 17,11.41,989.0,912.0,2071.0,1600.0,80.96,6.31,0.09,0.08,0.07,47.97,8.82,0.0,difícil
Etapa 18,12.06,496.0,1394.0,1763.0,820.0,81.75,5.85,0.09,0.07,0.06,128.5,8.04,0.0,difícil
Etapa 19,18.79,1828.0,1957.0,1099.0,690.0,84.48,6.83,0.1,0.09,0.08,91.37,9.49,0.0,alta montaña
Etapa 20,20.46,1787.0,1139.0,1478.0,675.0,80.72,7.31,0.11,0.07,0.06,112.99,9.75,0.0,difícil
Etapa 21,11.86,1321.0,1147.0,1612.0,1120.0,79.32,9.35,0.15,0.11,0.07,92.2,12.76,0.0,difícil
Etapa 22,19.67,1231.0,1721.0,1518.0,1028.0,73.2,7.4,0.09,0.05,0.03,64.17,10.04,0.0,difícil
Etapa 23,19.35,679.0,557.0,1336.0,1028.0,79.74,4.18,0.03,0.02,0.01,65.73,5.64,0.0,moderado
Etapa 24,12.97,1617.0,665.0,2102.0,1150.0,72.58,7.95,0.1,0.06,0.04,158.34,10.39,0.0,difícil
Etapa 25,14.11,1368.0,2089.0,2110.0,1054.0,82.21,8.91,0.15,0.11,0.08,98.23,12.28,0.0,alpinismo ligero
Etapa 26,8.2,1032.0,1092.0,1518.0,1315.0,85.83,6.53,0.09,0.08,0.08,108.72,8.84,0.0,alta montaña
Etapa 27,15.19,1440.0,2073.0,1372.0,735.0,79.29,8.44,0.12,0.09,0.07,137.76,11.58,0.0,difícil
Etapa 28,21.47,2625.0,2581.0,1472.0,735.0,86.18,7.32,0.11,0.09,0.08,89.09,10.11,0.0,alpinismo ligero
Etapa 29,6.95,783.0,613.0,1136.0,763.0,83.3,6.77,0.09,0.08,0.06,163.58,9.11,0.0,difícil
Fageda de Carlac,14.97,1475.0,1464.0,1269.0,911.0,85.09,9.95,0.14,0.11,0.09,165.66,13.5,0.0,alta montaña
Fauna de Montiberri,4.65,652.0,460.0,1161.0,831.0,85.37,5.58,0.08,0.07,0.07,121.58,7.7,0.0,difícil
Ginaste - ViÃ±als - Estet - Bono,6.26,509.0,429.0,1182.0,1000.0,63.67,7.1,0.09,0.06,0.05,10.96,9.16,0.0,moderado
GR 10A,10.56,1184.0,1659.0,2420.0,1638.0,87.6,7.2,0.11,0.09,0.08,97.18,10.03,0.0,alpinismo ligero
GR 7 - Andorra,47.6,4912.0,6786.0,2841.0,853.0,86.04,7.94,0.12,0.1,0.09,229.15,10.93,0.0,alpinismo ligero
Grand circuit dans la RÃ©serve Naturelle du Mont Valier,23.12,3058.0,3885.0,2459.0,937.0,88.85,7.25,0.11,0.1,0.09,242.66,10.01,0.0,alpinismo ligero
Grand circuit des lacs via le refuge du Maupas,23.37,4217.0,2898.0,2456.0,1131.0,87.33,8.65,0.13,0.11,0.1,149.75,12.03,0.0,alpinismo ligero
Grand tour Sourroque,5.54,506.0,442.0,975.0,783.0,77.64,7.85,0.1,0.06,0.05,267.21,10.71,0.0,difícil
Grande boucle autour de l'Hospice de France,16.39,2465.0,2428.0,2514.0,1381.0,88.27,6.13,0.09,0.08,0.08,164.98,8.51,0.0,alpinismo ligero
GRP Ax-Orgeix,1.18,28.0,25.0,834.0,817.0,15.53,2.64,0.0,0.0,0.0,104.93,3.32,0.0,sendero fácil
GRP La volta a Andorra,111.02,14563.0,14608.0,2841.0,886.0,86.61,7.51,0.11,0.09,0.08,194.81,10.35,0.0,alpinismo ligero
GRP Tour de La BarguillÃ¨re,62.54,4310.0,3588.0,1690.0,442.0,83.19,6.86,0.08,0.04,0.03,120.8,8.98,0.0,alta montaña
Guardiola de BerguedÃ  - Collada Grossa,8.76,1449.0,687.0,1602.0,730.0,87.31,5.91,0.1,0.06,0.05,19.63,8.21,0.0,difícil
GÃ©nat-Lapege,4.67,423.0,703.0,1225.0,883.0,77.56,9.24,0.14,0.11,0.11,33.2,12.92,0.0,difícil
Hostalet - Puimolar - Hostalet,14.53,1435.0,1545.0,1326.0,914.0,80.65,10.24,0.15,0.1,0.08,148.56,13.96,0.0,alpinismo ligero
HRP Variante 23.1,9.98,724.0,878.0,2354.0,1894.0,74.2,8.84,0.12,0.09,0.06,277.94,11.88,0.0,difícil
HRP Variante 24.1,13.2,1282.0,443.0,2101.0,1241.0,83.53,4.92,0.07,0.05,0.04,178.9,6.83,0.0,difícil
HRP Variante 25.1,16.39,2185.0,1025.0,2640.0,1261.0,84.51,6.39,0.08,0.06,0.05,82.41,8.61,0.0,alta montaña
HRP Variante 27.1,17.21,2216.0,2356.0,1624.0,1136.0,84.57,8.22,0.13,0.1,0.09,92.77,11.52,0.0,alpinismo ligero
HRP Variante 28.1,3.42,783.0,148.0,2092.0,1440.0,75.91,8.56,0.15,0.12,0.11,355.37,12.1,0.0,alta montaña
HRP Variante 28.2,19.66,2802.0,2443.0,2480.0,1469.0,85.53,8.98,0.13,0.1,0.08,135.04,12.07,0.0,alpinismo ligero
HRP Variante 29.1,18.67,2375.0,2610.0,2557.0,1609.0,88.23,4.99,0.06,0.05,0.05,81.32,6.91,0.0,alta montaña
HRP Variante 29.2,13.33,1685.0,794.0,1993.0,1102.0,83.7,6.9,0.1,0.08,0.06,179.36,9.45,0.0,difícil
HRP Variante 29.3,4.48,1143.0,423.0,2736.0,1683.0,88.65,7.51,0.11,0.1,0.1,65.48,10.37,0.0,alpinismo ligero
HRP Variante 29.4,3.31,808.0,450.0,2828.0,2089.0,85.47,10.55,0.17,0.09,0.07,86.99,12.47,0.0,alta montaña
HRP Variante 30-31.1,26.8,3084.0,3616.0,2886.0,1820.0,86.5,8.17,0.12,0.09,0.07,114.21,11.02,0.0,alpinismo ligero
HRP Variante 30.1,1.25,99.0,330.0,2676.0,2418.0,81.91,6.94,0.1,0.09,0.09,154.37,9.74,0.0,alta montaña
HRP Variante 31.1,10.69,987.0,1116.0,2255.0,1677.0,84.3,7.37,0.11,0.09,0.08,223.2,10.15,0.0,alta montaña
HRP Variante 32.1,26.12,2469.0,2950.0,2551.0,1434.0,82.11,7.2,0.11,0.09,0.08,174.04,9.99,0.0,alpinismo ligero
HRP Variante 33.1,6.22,364.0,336.0,2289.0,2215.0,81.94,7.97,0.1,0.06,0.04,201.58,10.92,0.0,alta montaña
HRP Variante 33.2,23.32,2591.0,2004.0,2513.0,1433.0,85.85,7.05,0.1,0.07,0.06,102.25,9.65,0.0,alta montaña
HRP Variante 34.1,4.37,475.0,312.0,1782.0,1618.0,70.19,7.01,0.11,0.06,0.04,170.03,9.5,0.0,difícil
HRP Variante 35.1,13.33,2050.0,1049.0,2810.0,1750.0,85.69,7.74,0.12,0.09,0.08,143.45,10.75,0.0,alpinismo ligero
HRP Variante 35.2,20.74,3529.0,2839.0,2732.0,1970.0,86.57,8.15,0.12,0.1,0.1,74.36,11.22,0.0,alpinismo ligero
HRP Ã‰tape 20,11.35,2308.0,1422.0,2880.0,1684.0,86.91,8.34,0.12,0.11,0.1,104.49,11.44,0.0,alpinismo ligero
HRP Ã‰tape 23,30.8,2132.0,2739.0,2516.0,1617.0,84.79,7.46,0.11,0.09,0.08,86.32,10.33,0.0,alpinismo ligero
HRP Ã‰tape 24,17.19,2066.0,1991.0,2589.0,1791.0,82.56,8.23,0.13,0.09,0.08,78.86,11.14,0.0,alpinismo ligero
HRP Ã‰tape 25,16.25,1474.0,2258.0,2428.0,1287.0,86.11,6.77,0.09,0.07,0.07,85.7,9.01,0.0,alta montaña
HRP Ã‰tape 26,12.59,2312.0,1323.0,2601.0,1282.0,87.31,6.44,0.1,0.08,0.07,100.7,8.92,0.0,alta montaña
HRP Ã‰tape 27,14.06,1843.0,1879.0,2609.0,1605.0,84.5,8.1,0.12,0.1,0.09,76.97,11.07,0.0,alpinismo ligero
HRP Ã‰tape 28,17.49,1703.0,2721.0,2481.0,1055.0,85.16,7.71,0.12,0.1,0.08,93.79,10.5,0.0,alpinismo ligero
HRP Ã‰tape 29,9.85,2487.0,1151.0,2637.0,1102.0,83.23,13.99,0.2,0.16,0.15,142.12,19.23,0.0,alpinismo técnico
HRP Ã‰tape 30,10.16,917.0,1746.0,2574.0,1609.0,86.5,7.91,0.11,0.09,0.08,156.04,10.71,0.0,alpinismo ligero
HRP Ã‰tape 31,19.12,2681.0,2384.0,2709.0,1604.0,83.71,8.1,0.12,0.1,0.08,103.47,11.16,0.0,alpinismo ligero
HRP Ã‰tape 32,20.75,2042.0,1972.0,2610.0,1836.0,87.4,6.59,0.1,0.07,0.06,126.47,9.05,0.0,alta montaña
HRP Ã‰tape 33,20.64,2338.0,2248.0,2884.0,1915.0,87.87,6.62,0.1,0.07,0.06,89.81,9.24,0.0,alta montaña
HRP Ã‰tape 34,18.17,780.0,1208.0,2050.0,1573.0,78.66,5.21,0.05,0.03,0.02,154.85,7.12,0.0,difícil
HRP Ã‰tape 35,20.41,2451.0,1784.0,2839.0,1573.0,87.17,6.58,0.1,0.08,0.07,111.64,9.06,0.0,alta montaña
HRP Ã‰tape 36,22.45,2170.0,2700.0,2440.0,1710.0,82.41,7.88,0.12,0.08,0.07,54.52,10.95,0.0,alta montaña
Itinerari adaptat Sant Joan de l'Erm,0.37,9.0,6.0,1735.0,1728.0,26.74,2.2,0.0,0.0,0.0,344.26,2.93,0.0,sendero fácil
itinerari de natura dels Gorgs del Torrent de la Cabana,8.09,708.0,708.0,1019.0,765.0,73.2,6.58,0.1,0.07,0.06,33.89,9.09,0.0,difícil
La Balade du Planel,3.07,126.0,79.0,1058.0,989.0,23.36,3.39,0.0,0.0,0.0,81.33,4.0,0.0,sendero fácil
La Boucle de Brassac,6.22,299.0,299.0,701.0,532.0,73.08,4.43,0.05,0.03,0.02,59.33,6.03,0.0,moderado
La Bruyante,8.27,575.0,575.0,1482.0,1122.0,55.92,7.32,0.08,0.04,0.02,35.72,9.45,0.0,moderado
La chapelle de Mailholas par la vallÃ©e du Camedon,7.24,384.0,367.0,307.0,212.0,69.36,5.59,0.07,0.03,0.02,106.18,7.42,0.0,moderado
La Chapelle de Saint-Nicolas - principal,3.57,521.0,304.0,1020.0,742.0,81.94,8.29,0.11,0.08,0.07,284.91,11.61,0.0,difícil
La Chapelle de Saint-Nicolas - variante,0.88,85.0,55.0,967.0,928.0,45.85,9.0,0.14,0.09,0.05,147.83,12.39,0.0,moderado
La Dent d'Orlu,2.26,489.0,25.0,2006.0,1526.0,74.87,7.47,0.12,0.06,0.04,164.21,9.5,0.0,difícil
La ForestiÃ¨re,7.87,1055.0,1077.0,1816.0,1471.0,82.45,8.13,0.13,0.1,0.09,168.51,11.28,0.0,alta montaña
La Molinasa al Port de l'Artiga,21.16,3113.0,2432.0,2481.0,1440.0,83.3,8.55,0.14,0.11,0.09,354.03,11.63,0.0,alpinismo ligero
La Molinasa al Port de Sotllo,7.55,1637.0,590.0,2853.0,1803.0,85.2,8.12,0.12,0.1,0.09,8.04,11.36,0.0,alpinismo ligero
La Olla de Sant JuliÃ  de Cerdanyola,15.72,1843.0,1843.0,1678.0,962.0,83.77,7.63,0.11,0.09,0.07,348.37,10.5,0.0,alta montaña
La Pastorale en BarguillÃ¨re,9.38,961.0,961.0,1662.0,1275.0,78.62,8.75,0.14,0.09,0.08,180.57,11.94,0.0,difícil
La Pobla de Lillet - Pla de la Clusa,10.81,1474.0,687.0,1706.0,849.0,84.78,7.22,0.11,0.08,0.06,222.27,9.86,0.0,difícil
La Pobla de Lillet - Prat Gespador,7.63,1393.0,768.0,1538.0,903.0,83.53,10.46,0.17,0.12,0.09,197.46,14.64,0.0,alpinismo ligero
La Porteille d'Orgeix,7.35,926.0,978.0,1019.0,670.0,77.75,9.28,0.14,0.1,0.08,319.01,12.47,0.0,difícil
La RandonnÃ©e de la Grasale,12.42,1200.0,1081.0,1049.0,537.0,78.03,8.47,0.11,0.06,0.05,269.66,11.12,0.0,difícil
La Seu-Anserall,4.03,320.0,278.0,796.0,690.0,68.64,8.25,0.11,0.05,0.02,5.4,10.46,0.0,moderado
La traversÃ©e des PyrÃ©nÃ©es - sec.2,101.87,11325.0,12094.0,2513.0,923.0,86.22,7.98,0.12,0.09,0.08,279.82,11.0,0.0,alpinismo ligero
La traversÃ©e des PyrÃ©nÃ©es - sec.3,109.88,14264.0,14398.0,2410.0,737.0,86.6,8.51,0.13,0.09,0.08,297.45,11.44,0.0,alpinismo ligero
La traversÃ©e des PyrÃ©nÃ©es - sec.4,106.12,17036.0,16209.0,2236.0,541.0,88.85,8.11,0.12,0.1,0.09,273.62,11.24,0.0,alpinismo ligero
La traversÃ©e des PyrÃ©nÃ©es - sec.5,105.07,14097.0,14206.0,2291.0,537.0,88.81,8.38,0.12,0.1,0.08,281.52,11.44,0.0,alpinismo ligero
La Voie Romaine,9.78,61.0,61.0,251.0,236.0,56.51,1.08,0.01,0.01,0.01,158.46,1.44,0.0,sendero fácil
La Volta a peu al RipollÃ©s,156.99,14276.0,14269.0,2532.0,688.0,87.39,7.45,0.11,0.08,0.07,223.47,10.18,0.0,alpinismo ligero
Lac d'OÃ´ et refuge d'Espingo,6.06,1643.0,817.0,1967.0,1135.0,87.84,8.42,0.13,0.11,0.1,176.72,11.54,0.0,alta montaña
"Lac Vert, Boucle par l'Est",9.21,1906.0,1364.0,2056.0,1138.0,87.33,8.24,0.13,0.11,0.09,203.17,11.55,0.0,alpinismo ligero
LapÃ¨ge et Pladetis,10.07,1072.0,1103.0,1235.0,545.0,76.7,7.7,0.12,0.09,0.07,79.04,10.49,0.0,difícil
l'Arreposador,11.24,1114.0,1108.0,949.0,511.0,87.19,4.61,0.06,0.05,0.05,57.01,6.45,0.0,difícil
Le bois de Marsoulies,14.18,369.0,364.0,377.0,246.0,54.33,3.42,0.01,0.01,0.01,18.52,4.56,0.0,sendero fácil
Le chemin de Cabanac autour de Carla Bayle,9.89,394.0,394.0,399.0,288.0,76.45,4.19,0.05,0.03,0.02,178.75,5.82,0.0,moderado
Le chemin de la Coque et du Vila au dÃ©part du centre Ã©questre,4.1,154.0,147.0,289.0,232.0,39.85,3.94,0.02,0.0,0.0,107.6,5.25,0.0,sendero fácil
"Le chemin de Pataque, de St Laurent et son sentier botanique",3.06,126.0,119.0,272.0,212.0,65.39,4.73,0.06,0.04,0.02,80.41,6.54,0.0,moderado
Le chemin de Saint-Roc,3.54,229.0,186.0,307.0,212.0,69.36,5.58,0.07,0.03,0.03,319.34,7.15,0.0,moderado
Le Chemin des Nobits,7.39,1072.0,1074.0,1063.0,708.0,86.36,8.16,0.12,0.09,0.08,35.66,11.18,0.0,alta montaña
Le chemin des Orris,8.13,1205.0,994.0,2323.0,1644.0,88.4,5.68,0.08,0.07,0.07,174.85,7.81,0.0,alta montaña
Le Chemin des Trois Cascades,8.16,1207.0,851.0,933.0,441.0,80.85,9.58,0.15,0.1,0.08,241.46,13.08,0.0,alta montaña
Le ChÃ¢teau,4.61,32.0,32.0,251.0,236.0,56.51,1.48,0.01,0.01,0.01,6.7,1.97,0.0,sendero fácil
Le cirque de Cagateille,12.5,1971.0,2063.0,2056.0,985.0,88.49,6.68,0.1,0.09,0.08,298.32,9.31,0.0,alta montaña
Le cirque des Crabioules,16.25,2616.0,3347.0,2347.0,1177.0,85.8,9.75,0.15,0.13,0.12,185.58,13.6,0.0,alpinismo ligero
Le Clabary,3.72,138.0,132.0,419.0,304.0,41.07,3.76,0.03,0.01,0.0,70.03,4.74,0.0,sendero fácil
Le Col de Gamel,3.57,469.0,513.0,1388.0,956.0,74.18,9.05,0.13,0.12,0.11,105.1,12.74,0.0,difícil
Le Moulin de la LaurÃ¨de,2.23,254.0,228.0,854.0,751.0,85.39,9.37,0.14,0.11,0.11,145.55,13.1,0.0,alta montaña
Le Palet de Samsom,5.9,633.0,633.0,1003.0,692.0,78.2,7.18,0.09,0.05,0.04,221.7,9.16,0.0,difícil
Le Pas du Facteur,2.69,297.0,261.0,689.0,515.0,83.01,8.98,0.12,0.06,0.05,91.54,12.76,0.0,difícil
Le Pech de Limouzy,5.82,383.0,386.0,692.0,455.0,74.01,6.13,0.08,0.06,0.04,48.61,8.1,0.0,difícil
Le Pic de CircÃ©,10.91,2530.0,1738.0,2396.0,1138.0,87.33,8.08,0.12,0.1,0.09,116.19,11.38,0.0,alpinismo ligero
Le Pic de la Montagnette depuis l'Hospice de France,13.66,1923.0,1842.0,2456.0,1381.0,88.27,5.71,0.08,0.07,0.06,77.98,8.01,0.0,alta montaña
Le Pic de Montgailhard,3.27,258.0,258.0,593.0,436.0,66.83,6.17,0.11,0.07,0.04,324.78,8.48,0.0,moderado
Le Pic de Pradel,6.56,721.0,721.0,2318.0,2018.0,82.23,8.13,0.12,0.08,0.08,47.57,11.25,0.0,alta montaña
Le Pic de QuerquÃ©ou,11.93,1383.0,1344.0,1837.0,865.0,86.12,7.32,0.1,0.08,0.07,32.6,9.58,0.0,difícil
Le Pic du Tarbesou,10.04,974.0,903.0,2342.0,1928.0,84.81,6.19,0.09,0.07,0.06,202.75,8.58,0.0,difícil
Le Picou depuis Brassac,18.41,1644.0,1644.0,1690.0,593.0,83.52,7.49,0.11,0.06,0.05,59.45,10.11,0.0,alta montaña
Le Picou depuis Ganac,21.8,2422.0,1548.0,1614.0,565.0,75.82,8.22,0.12,0.07,0.04,187.44,10.92,0.0,difícil
Le plateau de GÃ©nat,9.24,847.0,428.0,990.0,487.0,79.93,5.79,0.09,0.07,0.05,208.28,7.94,0.0,difícil
Le refuge du Rulhe,12.34,1334.0,1321.0,2247.0,1516.0,83.34,7.65,0.11,0.08,0.07,74.26,10.48,0.0,alta montaña
Le sentier de Montpezat,5.18,327.0,285.0,432.0,288.0,64.48,5.66,0.03,0.03,0.02,80.07,7.33,0.0,moderado
Le sentier des crÃªtes,5.95,292.0,201.0,412.0,299.0,66.31,5.54,0.07,0.04,0.03,21.9,7.48,0.0,moderado
Le Tour de la Pique,9.8,863.0,863.0,851.0,476.0,70.33,6.96,0.1,0.06,0.05,211.12,9.3,0.0,difícil
Le Tour de Vals,5.55,96.0,96.0,364.0,318.0,51.52,1.63,0.0,0.0,0.0,15.39,2.24,0.0,sendero fácil
Les Balcons de la TÃªt,11.07,1949.0,1288.0,1540.0,832.0,86.24,9.04,0.14,0.12,0.11,243.34,12.54,0.0,alta montaña
Les Cascades de l'Artigue,3.57,183.0,180.0,1309.0,1205.0,78.04,5.4,0.06,0.05,0.04,260.74,7.62,0.0,difícil
Les Collines du Vent,38.35,1419.0,1453.0,389.0,186.0,73.32,4.25,0.04,0.02,0.02,312.08,5.84,0.0,difícil
Les CrÃ¨tes du Plantaurel,11.81,813.0,813.0,823.0,476.0,77.05,6.36,0.08,0.05,0.04,285.02,8.66,0.0,difícil
Les crÃªtes de la VallÃ©e du Biros,13.39,1029.0,1617.0,1702.0,966.0,85.08,8.75,0.12,0.08,0.07,99.32,11.7,0.0,alta montaña
Les Orris du Carla,8.96,478.0,590.0,1875.0,1644.0,82.09,5.77,0.09,0.06,0.05,184.06,7.79,0.0,difícil
Les rhododendrons,4.48,534.0,268.0,1906.0,1524.0,68.49,8.35,0.13,0.09,0.08,279.54,11.54,0.0,difícil
Les terrasses de Souribet,1.08,119.0,146.0,465.0,328.0,78.5,6.84,0.08,0.07,0.07,227.48,10.1,0.0,difícil
Les Terrasses du Pech de Foix,1.45,356.0,195.0,615.0,385.0,85.15,8.4,0.11,0.11,0.11,103.2,11.82,0.0,alta montaña
Ller - Padarniu - Vilas del TurbÃ³n - Abella,48.74,4474.0,3553.0,2001.0,922.0,82.53,9.98,0.14,0.09,0.07,57.06,13.22,0.0,alta montaña
L'Ã‰tang d'En Beys,14.89,1246.0,1560.0,1989.0,1145.0,88.31,7.72,0.11,0.1,0.08,224.48,10.82,0.0,alta montaña
Mines VictÃ³ria,9.7,1295.0,1313.0,1561.0,709.0,84.39,8.54,0.13,0.09,0.07,329.21,11.14,0.0,alta montaña
MolÃ­ del Salt de la Llosa,7.76,652.0,435.0,1692.0,1437.0,73.39,7.07,0.09,0.06,0.05,329.45,9.68,0.0,difícil
Muntanya del Coll,6.84,890.0,890.0,1053.0,794.0,87.63,7.95,0.11,0.09,0.08,188.6,10.95,0.0,alta montaña
N20 Sources Sulfureuses,0.52,83.0,68.0,1290.0,1242.0,70.91,11.68,0.16,0.11,0.11,341.79,15.38,0.0,alta montaña
N21 Couillet de Bergon,0.82,51.0,104.0,1624.0,1548.0,44.96,8.81,0.09,0.04,0.0,10.92,10.98,0.0,moderado
Noales - EscanÃ© - Montanuy,5.43,435.0,501.0,1336.0,1041.0,64.63,7.46,0.09,0.04,0.04,27.17,9.99,0.0,moderado
Notre-Dame de Montaut,5.45,297.0,289.0,453.0,281.0,48.52,5.46,0.07,0.02,0.02,341.03,6.74,0.0,sendero fácil
Noves de Segre-Arguestues-PlaÃ§a de Sant Quiri,13.16,1461.0,1461.0,1271.0,650.0,86.71,6.32,0.1,0.08,0.07,318.34,8.79,0.0,difícil
NÃºria-Queralbs per pastures i camins miners,40.03,4123.0,5091.0,2245.0,1149.0,87.39,7.95,0.11,0.1,0.1,340.42,11.14,0.0,alpinismo ligero
Ogassa-Sant MartÃ­ Surroca,7.89,746.0,746.0,1302.0,954.0,80.32,7.39,0.1,0.07,0.06,214.3,10.08,0.0,difícil
OrganyÃ -Basses de Fontanet,5.12,311.0,307.0,671.0,558.0,71.0,5.35,0.09,0.05,0.04,212.89,7.45,0.0,difícil
Os de CivÃ­s-Borda Cremada,3.83,560.0,418.0,1882.0,1488.0,83.97,5.82,0.09,0.08,0.06,253.93,7.84,0.0,difícil
"Ossera, itinerari botÃ nic",4.22,409.0,409.0,1304.0,1159.0,84.56,8.07,0.12,0.09,0.09,103.64,11.36,0.0,alta montaña
Parcours botanique de Bau,0.75,20.0,32.0,155.0,135.0,25.64,3.0,0.0,0.0,0.0,9.41,3.91,0.0,sendero fácil
Pardines al Puig Estela,18.53,1469.0,1395.0,2000.0,1189.0,77.5,7.71,0.11,0.06,0.04,314.62,10.39,0.0,difícil
Passeig de contrastos per Mijaran,6.26,367.0,353.0,1049.0,934.0,84.96,4.32,0.04,0.02,0.02,155.44,6.03,0.0,difícil
Pels Cingles de Vallcebre,12.98,1144.0,1144.0,1336.0,929.0,78.22,6.72,0.11,0.07,0.05,83.5,9.32,0.0,difícil
Pels veÃ¯nats de l'Alt Freser,14.81,1552.0,1552.0,1374.0,921.0,77.68,7.98,0.12,0.09,0.08,156.9,11.11,0.0,alta montaña
Petches Ax,1.31,253.0,0.0,1697.0,1444.0,55.98,8.93,0.12,0.06,0.02,130.43,10.88,0.0,moderado
Petite boucle de la vallÃ©e du Lis,4.95,998.0,759.0,1437.0,1138.0,87.62,9.12,0.14,0.12,0.11,221.57,12.47,0.0,alta montaña
Pic d'ArrÃ¨s par le col du Portillon,7.61,1153.0,694.0,2132.0,1290.0,84.2,8.57,0.13,0.1,0.09,160.0,11.32,0.0,alpinismo ligero
Pic de BacanÃ¨re,8.26,1355.0,392.0,2180.0,1195.0,76.63,8.93,0.13,0.1,0.08,75.37,11.85,0.0,alta montaña
Pic de Couillac par le cirque de Cagateille,27.76,4008.0,4177.0,2548.0,985.0,88.49,6.78,0.1,0.09,0.08,299.52,9.2,0.0,alpinismo ligero
Pic de CÃ©cirÃ©,6.94,1469.0,903.0,2376.0,1733.0,81.77,11.38,0.18,0.15,0.13,255.02,15.87,0.0,alpinismo ligero
Pic de Girantes,2.77,666.0,130.0,2051.0,1513.0,88.44,7.09,0.11,0.11,0.08,186.54,10.0,0.0,alta montaña
Pic de la Sauvegarde,7.76,1633.0,496.0,2706.0,1381.0,88.27,4.51,0.06,0.06,0.06,209.37,6.3,0.0,alta montaña
Pic del MoixerÃ³,6.57,643.0,526.0,2060.0,1750.0,79.8,7.95,0.11,0.07,0.05,114.51,11.03,0.0,difícil
Pic d'Espingo depuis les Granges d'Astau,4.06,244.0,1253.0,2138.0,1121.0,80.79,14.2,0.17,0.11,0.1,65.82,16.77,0.0,alpinismo ligero
Pissevinaigre,6.31,296.0,299.0,336.0,212.0,65.39,4.67,0.04,0.02,0.01,143.85,6.3,0.0,moderado
Pla de la Batllia - TurÃ² de GallisÃ ,10.32,342.0,342.0,1114.0,1000.0,84.12,3.55,0.03,0.02,0.01,102.71,4.6,0.0,difícil
Plans del Pas Estret - Port d'Urets,5.57,328.0,753.0,2589.0,2082.0,79.78,5.25,0.07,0.06,0.05,251.87,7.22,0.0,difícil
Plans del Pas Estret a Port dera Horqueta,3.14,507.0,164.0,2457.0,2082.0,79.78,4.84,0.07,0.06,0.05,48.19,6.63,0.0,difícil
Pobleta de BellveÃ­-Antist,5.1,605.0,173.0,1235.0,798.0,73.88,6.46,0.09,0.05,0.05,329.84,8.66,0.0,difícil
Pont de Pedrosa al Coll de la Pala de Clavera,6.54,1418.0,367.0,2560.0,1466.0,87.53,7.21,0.1,0.08,0.08,344.33,10.11,0.0,alpinismo ligero
Pont de Pedrosa al Port d'AulÃ ,4.11,1010.0,290.0,2274.0,1466.0,78.44,11.81,0.18,0.14,0.12,48.81,15.62,0.0,alpinismo ligero
"Pont del Diable, Senterada",10.42,999.0,525.0,1280.0,733.0,81.41,6.73,0.09,0.07,0.05,33.03,9.17,0.0,difícil
"Port de Gelada, Erill la Vall-Senet de BarravÃ©s",24.48,2919.0,2668.0,2069.0,1279.0,84.12,10.4,0.15,0.1,0.08,113.51,13.63,0.0,alpinismo ligero
Porta del Cel,56.48,8126.0,8126.0,3023.0,1116.0,85.53,8.51,0.13,0.1,0.09,336.53,11.71,0.0,alpinismo ligero
Portilhon,10.86,1183.0,1183.0,1369.0,715.0,77.01,8.89,0.11,0.07,0.06,236.48,11.75,0.0,difícil
Prat d'AguilÃ³ - Comabona,9.81,1643.0,1643.0,2520.0,1913.0,84.88,8.53,0.13,0.11,0.1,178.34,11.95,0.0,alpinismo ligero
Presa de Cavallers-Besiberri Nord,9.28,1616.0,441.0,2896.0,1721.0,85.12,6.56,0.1,0.09,0.08,256.74,8.88,0.0,alpinismo ligero
Prullans - ArdÃ²vol - La Serra,7.55,527.0,527.0,1337.0,1082.0,68.94,6.03,0.08,0.05,0.04,113.75,8.27,0.0,moderado
Prullans - La Bastida - Casa d'OrÃ¨n,8.63,809.0,742.0,1658.0,1168.0,77.58,7.34,0.12,0.08,0.07,359.95,10.2,0.0,difícil
Prullans - La Clota - Cova d'Anes,8.27,732.0,732.0,1315.0,997.0,83.33,7.03,0.1,0.08,0.07,92.42,9.76,0.0,difícil
Prullans - MolÃ­ del Salt - Coborriu,19.1,1602.0,1602.0,1742.0,1120.0,77.77,7.25,0.09,0.07,0.06,350.93,9.89,0.0,difícil
Prullans - Talltendre - OrdÃ¨n - Cova d'Anes,15.1,1606.0,1606.0,1681.0,1104.0,83.87,8.64,0.14,0.1,0.09,255.29,12.05,0.0,alta montaña
Prullans ruta dels Miradors,8.29,548.0,548.0,1336.0,1082.0,77.2,5.68,0.09,0.06,0.05,141.47,7.93,0.0,difícil
PuigcerdÃ  CamÃ­ del Segre ermita de Sant Marc,7.22,81.0,81.0,1150.0,1106.0,27.74,1.48,0.0,0.0,0.0,172.25,1.93,0.0,sendero fácil
PuigcerdÃ  Guingueta d'Ix Llivia Ur,15.22,294.0,240.0,1238.0,1143.0,71.9,2.52,0.02,0.01,0.01,201.67,3.45,0.0,moderado
PuigcerdÃ -Montserrat. Variant BagÃ ,23.41,2003.0,2757.0,2033.0,723.0,81.5,8.39,0.12,0.08,0.07,164.0,11.27,0.0,alta montaña
PuigcerdÃ -Montserrat,169.58,12305.0,12732.0,2110.0,160.0,87.91,6.08,0.08,0.06,0.05,183.98,8.36,0.0,alta montaña
Ramat de Camins. Etapa 10 : Esterri d'Ã€neu => SalardÃº,26.41,2767.0,2466.0,2087.0,961.0,81.44,8.08,0.11,0.08,0.06,300.97,11.0,0.0,alta montaña
Ramat de Camins. Etapa 11 : SalardÃº => BossÃ²st,29.96,2092.0,2632.0,1350.0,709.0,84.96,6.32,0.08,0.06,0.04,301.79,8.75,0.0,alta montaña
Ramat de Camins. Etapa 12 : BossÃ²t => Vielha,20.32,2162.0,1909.0,1259.0,709.0,80.56,8.62,0.11,0.08,0.06,136.1,11.8,0.0,alta montaña
Ramat de Camins. Etapa 13 : Vielha => Refugi de Conangles,21.56,2434.0,1844.0,2465.0,975.0,87.2,6.18,0.09,0.07,0.06,169.8,8.44,0.0,alta montaña
Ramat de Camins. Etapa 14 : Refugi de Conangles => Barruera,32.8,2202.0,2617.0,2069.0,1095.0,84.12,7.25,0.11,0.08,0.06,141.57,9.76,0.0,alta montaña
Ramat de Camins. Etapa 15 : Barruera => El Pont de Suert,15.02,827.0,1101.0,1146.0,839.0,84.21,5.23,0.07,0.05,0.05,214.34,7.22,0.0,difícil
Ramat de Camins. Etapa 2 : Baro => Sort,14.15,1381.0,1325.0,1301.0,634.0,82.26,6.16,0.09,0.08,0.07,80.95,8.17,0.0,difícil
Ramat de Camins. Etapa 3 : Sort => Rialp,24.27,2432.0,2405.0,1430.0,707.0,87.93,6.55,0.1,0.08,0.08,83.97,9.12,0.0,alta montaña
Ramat de Camins. Etapa 4 : Rialp => TÃ­rvia,19.49,2600.0,2353.0,1631.0,734.0,84.58,7.05,0.1,0.08,0.08,46.43,9.85,0.0,alta montaña
Ramat de Camins. Etapa 5 : TÃ­rvia => Ã€reu,14.04,1206.0,956.0,1238.0,905.0,80.74,5.12,0.07,0.06,0.05,45.64,7.08,0.0,difícil
Ramat de Camins. Etapa 6 : Ã€reu => Riera de CardÃ³s,23.06,2254.0,2540.0,2243.0,896.0,82.12,9.07,0.12,0.08,0.06,248.95,11.97,0.0,alta montaña
Ramat de Camins. Etapa 7 : Ribera de CardÃ³s => EscalÃ³,16.0,1954.0,2026.0,1385.0,858.0,86.35,10.14,0.14,0.11,0.1,250.85,13.33,0.0,alpinismo ligero
Ramat de Camins. Etapa 8 : EscalÃ³ => Llac de SantMaurici => Espot,28.48,2551.0,2110.0,2225.0,873.0,80.78,7.39,0.1,0.08,0.07,286.44,10.13,0.0,alta montaña
Ramat de Camins. Etapa 9 : Espot => Esterri d'Ã€neu,14.86,1320.0,1677.0,1493.0,938.0,84.28,7.34,0.1,0.07,0.07,23.0,10.11,0.0,alta montaña
Ramat de Camins. Etapa1 : Font de la Figuereta => Baro,23.62,1876.0,2035.0,915.0,555.0,87.37,4.31,0.06,0.05,0.04,17.75,6.04,0.0,difícil
RandonnÃ©e Ã  Roquefixade,4.5,529.0,529.0,982.0,766.0,77.75,10.52,0.12,0.1,0.07,319.73,13.98,0.0,difícil
Refuge de Restanca et lac de Mar,7.37,356.0,1200.0,2266.0,1405.0,88.61,6.63,0.1,0.08,0.07,27.65,8.94,0.0,difícil
Refuge du Mont NÃ©,7.01,804.0,933.0,1899.0,1340.0,83.64,8.66,0.13,0.09,0.08,170.95,11.8,0.0,alta montaña
Refuge et Port de VÃ©nasque,6.36,1259.0,307.0,2431.0,1381.0,88.27,3.95,0.05,0.05,0.05,194.47,5.63,0.0,difícil
Refugi Amics de Montgarri a Port de Coma Gireta,7.19,1480.0,633.0,2503.0,1656.0,87.48,6.98,0.11,0.09,0.09,40.95,9.58,0.0,alpinismo ligero
Refugi del Fornet al Port de Salau,3.57,876.0,156.0,2106.0,1375.0,80.28,9.17,0.14,0.11,0.1,45.54,12.47,0.0,alta montaña
Refugio Cap de Llauset - Bordas de Nestui,11.05,1443.0,1413.0,2302.0,1690.0,79.82,10.85,0.17,0.14,0.13,312.2,14.44,0.0,alta montaña
Refugis del Torb,74.6,9564.0,9755.0,2790.0,923.0,86.57,8.21,0.12,0.1,0.09,15.08,11.33,0.0,alpinismo ligero
Ribes de Freser-El Baell-Campelles,14.98,1594.0,1593.0,1329.0,845.0,78.02,7.79,0.12,0.1,0.08,117.77,10.91,0.0,alta montaña
Ripoll - Sant Bartomeu,5.48,515.0,515.0,895.0,686.0,71.12,7.72,0.12,0.09,0.07,19.02,10.48,0.0,difícil
Ripoll,8.73,533.0,514.0,927.0,700.0,77.39,5.69,0.06,0.03,0.02,268.59,7.72,0.0,difícil
Ripoll,8.31,802.0,802.0,1091.0,691.0,81.4,6.47,0.09,0.08,0.08,183.39,8.98,0.0,alta montaña
Ripoll,5.36,688.0,289.0,1091.0,691.0,81.4,6.09,0.09,0.08,0.07,185.64,8.54,0.0,difícil
Roc de QuerquÃ©ou,10.37,1252.0,1226.0,1807.0,994.0,84.7,10.9,0.15,0.1,0.08,315.05,14.01,0.0,alpinismo ligero
RomÃ nic i natura a la Vall del Rigart,12.25,1500.0,1781.0,1537.0,1126.0,76.48,10.13,0.15,0.12,0.1,93.26,13.89,0.0,alta montaña
route du Port de Salau,10.53,1320.0,1926.0,2106.0,958.0,85.75,8.63,0.13,0.1,0.1,78.47,11.96,0.0,alpinismo ligero
Route 13236300,7.09,838.0,838.0,1184.0,600.0,78.51,8.75,0.13,0.1,0.09,165.18,11.42,0.0,difícil
Route 13263596,11.79,885.0,1009.0,891.0,678.0,82.69,8.97,0.13,0.08,0.06,331.25,12.36,0.0,difícil
Route 13263597,2.31,160.0,224.0,836.0,764.0,45.41,9.31,0.05,0.03,0.03,230.22,11.48,0.0,moderado
Route 13263598,1.97,195.0,195.0,792.0,699.0,74.34,11.48,0.17,0.17,0.16,338.46,16.0,0.0,alpinismo ligero
Route 13414009,2.88,252.0,769.0,1292.0,772.0,86.64,6.86,0.1,0.09,0.09,356.18,9.68,0.0,alta montaña
Route 13414010,4.04,184.0,364.0,1020.0,810.0,76.86,6.33,0.11,0.08,0.07,112.92,8.25,0.0,difícil
Route 14331382,21.66,2586.0,2284.0,2032.0,1203.0,81.09,9.53,0.14,0.09,0.07,97.24,12.93,0.0,alta montaña
Route 15595471,8.54,406.0,911.0,1582.0,1077.0,69.64,6.73,0.1,0.09,0.07,349.7,9.36,0.0,moderado
Route 15989505,6.46,531.0,520.0,917.0,635.0,74.89,7.32,0.1,0.07,0.06,342.24,9.73,0.0,difícil
Route 15989506,2.62,376.0,477.0,2143.0,1794.0,82.49,7.54,0.12,0.11,0.08,320.17,10.3,0.0,alta montaña
Route 15989507,14.61,1053.0,1117.0,1909.0,1060.0,78.27,7.23,0.11,0.07,0.07,221.12,9.63,0.0,difícil
Route 15989508,8.11,458.0,565.0,924.0,526.0,63.51,5.76,0.03,0.02,0.02,14.58,7.6,0.0,moderado
Route 16033955,3.66,94.0,326.0,1156.0,913.0,57.33,5.53,0.06,0.02,0.01,294.17,7.1,0.0,moderado
Route 16097261,9.72,1201.0,832.0,2569.0,1764.0,86.54,6.16,0.09,0.08,0.08,118.74,8.74,0.0,alpinismo ligero
Route 16097262,2.43,136.0,556.0,2559.0,2139.0,83.42,9.13,0.15,0.12,0.11,255.89,12.32,0.0,alpinismo ligero
Route 16408396,1.39,242.0,59.0,666.0,471.0,78.24,9.84,0.14,0.12,0.05,224.12,15.18,0.0,difícil
Route 16408397,2.95,405.0,398.0,674.0,430.0,81.33,8.19,0.13,0.1,0.08,234.64,10.88,0.0,alta montaña
Route 16408400,3.71,108.0,227.0,838.0,684.0,72.98,4.72,0.05,0.04,0.03,194.93,6.55,0.0,moderado
Route 16408401,0.21,5.0,0.0,655.0,650.0,9.78,1.01,0.0,0.0,0.0,314.09,0.78,0.0,sendero fácil
Route 18248499,2.14,511.0,50.0,1021.0,560.0,86.07,4.04,0.06,0.05,0.04,266.31,5.55,0.0,difícil
Route 18248500,1.41,122.0,319.0,851.0,654.0,75.52,10.07,0.14,0.14,0.11,99.66,13.02,0.0,alta montaña
Route 18248501,0.28,5.0,14.0,823.0,809.0,5.51,2.48,0.0,0.0,0.0,199.48,3.04,0.0,sendero fácil
Route 18893642,4.27,445.0,220.0,968.0,733.0,77.85,6.3,0.08,0.05,0.03,25.49,8.99,0.0,difícil
Route 19846794,2.59,99.0,99.0,424.0,372.0,62.68,5.57,0.04,0.03,0.01,139.03,7.56,0.0,moderado
Route 3124529,43.52,5025.0,5692.0,2625.0,1353.0,85.81,7.94,0.11,0.09,0.08,268.35,10.86,0.0,alpinismo ligero
Route 4517453,8.33,420.0,388.0,336.0,212.0,69.36,5.11,0.06,0.03,0.02,60.63,6.95,0.0,moderado
Route 4520621,6.52,367.0,361.0,453.0,298.0,65.34,5.68,0.06,0.02,0.02,151.05,7.6,0.0,moderado
Route 5578831,9.41,688.0,688.0,1001.0,668.0,66.91,6.57,0.09,0.05,0.03,123.41,8.53,0.0,moderado
Route 5578938,9.88,780.0,780.0,1037.0,690.0,78.91,6.58,0.1,0.07,0.06,342.32,9.02,0.0,difícil
Route 5578959,17.29,1261.0,1271.0,1186.0,643.0,84.27,6.61,0.1,0.07,0.06,231.62,9.04,0.0,difícil
Route 5579492,29.89,4283.0,4141.0,2418.0,1077.0,86.59,9.28,0.14,0.11,0.09,173.51,12.83,0.0,alpinismo ligero
Route 7340522,17.03,1843.0,1367.0,1467.0,810.0,80.66,7.82,0.12,0.09,0.07,338.03,10.61,0.0,alta montaña
Route 7857900,11.05,1703.0,1156.0,2027.0,1268.0,83.2,8.17,0.12,0.09,0.07,151.33,11.01,0.0,alta montaña
Route 8593599,2.76,837.0,218.0,2104.0,1474.0,72.7,12.55,0.23,0.16,0.15,346.41,16.66,0.0,alpinismo ligero
Route 9709612,17.27,1802.0,1665.0,1735.0,1081.0,81.64,7.19,0.11,0.08,0.07,349.75,9.88,0.0,difícil
Route 9712626,22.84,1903.0,1873.0,1312.0,1029.0,80.14,10.65,0.17,0.11,0.07,70.19,14.3,0.0,alta montaña
Route 9712657,14.44,1759.0,1335.0,1689.0,930.0,68.45,9.75,0.13,0.08,0.05,274.62,12.34,0.0,difícil
Route 9728545,46.87,2874.0,3299.0,1748.0,746.0,75.29,8.63,0.11,0.07,0.05,193.27,11.29,0.0,difícil
Route 9729107,8.15,993.0,1121.0,1346.0,1078.0,72.19,11.56,0.17,0.13,0.1,24.65,15.54,0.0,alta montaña
Route 9734679,43.12,3533.0,3253.0,1635.0,688.0,81.9,8.12,0.12,0.08,0.06,22.87,11.09,0.0,alta montaña
Route 9734692,40.27,2577.0,2509.0,1286.0,684.0,83.84,8.58,0.12,0.08,0.06,61.66,11.34,0.0,alta montaña
Route 9850971,5.23,356.0,597.0,889.0,601.0,75.46,5.91,0.09,0.07,0.06,293.38,8.45,0.0,difícil
Ruta 3 Valls. Etapa 1: El Pont de Suert => Erill la Vall,18.86,897.0,1302.0,1279.0,841.0,84.21,4.54,0.06,0.05,0.04,216.63,6.28,0.0,difícil
Ruta 3 Valls. Etapa 2: Erill la Vall => Aneto,12.01,1550.0,1447.0,2069.0,1247.0,84.12,9.81,0.15,0.1,0.07,288.18,12.88,0.0,alta montaña
Ruta 3 Valls. Etapa 3: Aneto => Castanesa,21.7,2689.0,2539.0,2180.0,1336.0,73.43,9.67,0.15,0.1,0.07,235.52,13.01,0.0,alta montaña
Ruta 3 Valls. Etapa 4: Castanesa => El Pont de Suert,21.13,1387.0,2010.0,1521.0,842.0,79.85,7.43,0.09,0.06,0.04,152.14,10.17,0.0,difícil
Ruta de las ermitas de Bonansa,10.44,849.0,576.0,1523.0,1237.0,75.29,7.12,0.08,0.03,0.01,33.52,9.26,0.0,difícil
Ruta del Caracremada,91.05,8782.0,8785.0,2380.0,794.0,86.44,6.21,0.09,0.07,0.06,114.34,8.57,0.0,alta montaña
Ruta del RomÃ nic Vall de BoÃ­,13.61,1580.0,1580.0,1510.0,1095.0,85.58,5.66,0.08,0.07,0.07,161.51,7.9,0.0,difícil
Ruta del Ter,218.8,11079.0,13321.0,2242.0,-2.0,84.25,5.59,0.07,0.05,0.04,126.06,7.63,0.0,alta montaña
Ruta dels Estanys Amagats,68.81,6658.0,6658.0,2700.0,1328.0,84.88,6.75,0.09,0.07,0.06,356.4,9.22,0.0,alta montaña
Ruta dels Miradors del Pla de l'Ã€liga,3.2,354.0,283.0,1584.0,1497.0,77.88,7.2,0.11,0.09,0.07,325.85,9.78,0.0,difícil
Saint-Bertrand-de-Comminges : au coeur du Comminges,9.5,781.0,715.0,808.0,459.0,75.12,6.67,0.09,0.05,0.04,159.18,8.89,0.0,difícil
Saleix,2.82,299.0,316.0,898.0,751.0,87.21,7.33,0.11,0.08,0.08,132.11,9.89,0.0,alta montaña
Sant Pere de les Maleses-Collegats,8.41,1090.0,1248.0,807.0,553.0,87.37,4.31,0.06,0.05,0.05,226.82,5.96,0.0,difícil
Santuari de NÃºria al Coll de CaranÃ§Ã ,5.15,1028.0,275.0,2790.0,1966.0,81.28,7.03,0.11,0.09,0.07,57.9,10.03,0.0,alta montaña
Santuari de NÃºria al Coll de Finestrelles,4.1,941.0,343.0,2609.0,1978.0,84.38,11.22,0.17,0.14,0.12,295.92,14.93,0.0,alpinismo ligero
Santuari de NÃºria al Coll d'Eina,5.11,1036.0,355.0,2732.0,1973.0,83.11,7.95,0.12,0.1,0.1,326.43,10.98,0.0,alpinismo ligero
SC 06N : Bugarach - Quillan,28.55,2275.0,2441.0,829.0,289.0,82.91,7.91,0.1,0.07,0.05,276.63,10.85,0.0,alta montaña
SC 06S : Puilaurens - Quirbajou,24.21,2390.0,2042.0,819.0,406.0,82.86,7.71,0.1,0.08,0.06,298.05,10.58,0.0,alta montaña
SC 07C : Coudons - Puivert,13.09,409.0,782.0,861.0,482.0,74.69,5.06,0.05,0.03,0.02,310.89,6.85,0.0,difícil
SC 07N : Quillan - Puivert,8.18,784.0,220.0,860.0,291.0,74.17,6.49,0.09,0.06,0.04,268.47,8.48,0.0,difícil
SC 07S : Quirbajou - Puivert,8.5,640.0,602.0,1163.0,814.0,72.48,6.79,0.06,0.04,0.04,314.83,8.99,0.0,difícil
SC 08 : Puivert - Espezel,16.87,860.0,445.0,947.0,474.0,84.61,5.41,0.05,0.04,0.04,199.9,7.41,0.0,difícil
SC 09 : Espezel - Comus,26.46,1613.0,1336.0,1386.0,881.0,76.16,6.59,0.07,0.05,0.04,254.38,8.74,0.0,difícil
SC 10 : Comus - MontsÃ©gur,13.39,1856.0,2090.0,1204.0,623.0,88.39,8.84,0.13,0.1,0.09,325.5,12.35,0.0,alta montaña
SC 11 : MontsÃ©gur - Roquefixade,16.54,1390.0,1530.0,1070.0,590.0,70.28,7.85,0.1,0.06,0.04,321.8,10.7,0.0,difícil
SC 12 : Roquefixade - Foix,16.09,1574.0,1901.0,937.0,455.0,77.78,8.72,0.12,0.09,0.06,269.79,11.79,0.0,difícil
Senda Pirenaica - E08,20.58,2469.0,1419.0,2242.0,1184.0,77.77,7.88,0.12,0.07,0.05,296.63,10.71,0.0,alta montaña
Senda Pirenaica - E09,33.36,2930.0,3822.0,2800.0,1240.0,88.72,5.97,0.09,0.07,0.06,149.96,8.3,0.0,alta montaña
Senda Pirenaica - E10,10.4,1487.0,1439.0,1905.0,1243.0,83.23,11.2,0.17,0.12,0.09,230.38,14.74,0.0,alpinismo ligero
Senda Pirenaica - E11,29.81,2383.0,2452.0,1999.0,1123.0,80.21,7.79,0.09,0.06,0.05,306.52,10.24,0.0,alta montaña
Senda Pirenaica - E12,16.39,1951.0,781.0,2395.0,1222.0,78.49,7.79,0.1,0.06,0.05,290.09,10.3,0.0,difícil
Senda Pirenaica - E13,25.37,2262.0,3392.0,2700.0,1251.0,83.52,7.09,0.1,0.08,0.07,283.73,9.63,0.0,alta montaña
Senda Pirenaica - E14,14.94,2247.0,2124.0,1984.0,1265.0,85.3,9.84,0.15,0.11,0.09,311.76,13.25,0.0,alpinismo ligero
Senda Pirenaica - E15,14.02,2766.0,1649.0,2772.0,1388.0,85.24,7.53,0.11,0.09,0.08,286.16,10.2,0.0,alpinismo ligero
Senda Pirenaica - E16,31.5,3390.0,4773.0,2505.0,1116.0,82.12,10.67,0.15,0.1,0.08,290.37,14.23,0.0,alpinismo ligero
Senda Pirenaica - E17,30.78,3822.0,4019.0,2242.0,938.0,85.09,9.31,0.15,0.11,0.09,263.39,12.95,0.0,alpinismo ligero
Senda Pirenaica - E18,28.56,3560.0,2381.0,2603.0,945.0,87.13,6.34,0.09,0.07,0.06,289.75,8.76,0.0,alta montaña
Senda Pirenaica - E19,25.94,2981.0,3411.0,2400.0,1413.0,88.61,8.11,0.12,0.1,0.08,252.58,11.21,0.0,alpinismo ligero
Senda Pirenaica - E20,32.08,2943.0,3256.0,2726.0,1251.0,85.75,9.2,0.13,0.09,0.07,284.67,12.12,0.0,alpinismo ligero
Senda Pirenaica - E21,20.63,2869.0,2316.0,2588.0,1251.0,87.88,7.74,0.11,0.09,0.08,283.11,10.83,0.0,alpinismo ligero
Sender circular de la Val d'Aran. Variant Cap de les Comes de Liat - Eth Sarrat de PiÃ¨rres,14.67,3043.0,1893.0,2326.0,1069.0,81.76,14.71,0.23,0.19,0.16,289.56,19.11,0.0,alpinismo técnico
Sender circular de la Val d'Aran. Variant Espitau de Vielha - Vielha,14.54,1457.0,2156.0,2465.0,963.0,87.2,6.22,0.09,0.08,0.06,355.08,8.51,0.0,alta montaña
Sender circular de la Val d'Aran. Variant Gessa - Vielha,12.33,595.0,825.0,1244.0,975.0,79.52,5.64,0.06,0.04,0.02,274.38,7.62,0.0,difícil
Sender circular de la Val d'Aran. Variant Les - Pont dera Lana,12.6,1769.0,1784.0,1269.0,620.0,85.57,8.4,0.12,0.11,0.09,40.5,11.67,0.0,alta montaña
Sender circular de la Val d'Aran. Variant PÃ²rt de RatÃ¨ra de ColomÃ¨rs - Unha,19.76,801.0,1822.0,2585.0,1246.0,81.22,6.42,0.07,0.04,0.02,330.77,8.55,0.0,alta montaña
Sender d'Adraen,48.32,4309.0,4259.0,2625.0,1348.0,84.64,8.2,0.12,0.09,0.08,92.43,11.25,0.0,alpinismo ligero
Sender d'AlÃ s,13.37,1074.0,1074.0,1148.0,707.0,74.12,7.06,0.11,0.07,0.05,55.02,9.74,0.0,difícil
Sender de Camprodon a Ribes de Freser,20.28,2200.0,2156.0,2029.0,931.0,79.45,9.42,0.15,0.1,0.08,85.05,12.29,0.0,alta montaña
Sender de la Nou de BerguedÃ ,33.54,3868.0,3950.0,1723.0,828.0,80.42,9.11,0.14,0.1,0.09,108.37,12.51,0.0,alpinismo ligero
Sender de les quatre ermites,25.81,2310.0,2317.0,1066.0,747.0,79.62,7.37,0.11,0.07,0.06,28.59,10.14,0.0,difícil
Sender de l'Holstalet,9.06,1350.0,1350.0,1741.0,919.0,84.59,9.42,0.14,0.11,0.09,301.28,12.17,0.0,alta montaña
Sender de Sant Jaume de FrontanyÃ ,8.43,952.0,952.0,1389.0,1080.0,81.87,8.28,0.12,0.09,0.08,341.19,11.4,0.0,alta montaña
Sender del Pedraforca 360,16.81,2157.0,2157.0,1852.0,1418.0,86.59,8.42,0.12,0.1,0.09,89.8,11.74,0.0,alpinismo ligero
Sender HistÃ²ric: Catalunya,390.43,28267.0,27862.0,1598.0,-1.0,87.31,5.54,0.07,0.05,0.04,270.35,7.6,0.0,alta montaña
Sendero BotÃ¡nico - Gorgas de Alba,4.65,393.0,425.0,1661.0,1544.0,82.97,6.65,0.09,0.08,0.08,63.65,9.27,0.0,alta montaña
Sendero HistÃ³rico: Huesca,253.96,17024.0,16802.0,1288.0,449.0,86.31,5.61,0.07,0.05,0.04,276.15,7.7,0.0,alta montaña
Sendero La Saleta,2.83,437.0,372.0,1286.0,1141.0,78.52,11.15,0.18,0.15,0.14,348.07,14.78,0.0,alta montaña
Sendero Praus de Cases,5.46,559.0,113.0,1529.0,1081.0,73.89,5.75,0.07,0.04,0.04,89.33,7.92,0.0,difícil
Sendero Prepirenaico,448.01,31335.0,31000.0,2351.0,687.0,87.84,8.61,0.12,0.08,0.07,106.25,11.58,0.0,alta montaña
Senderos de La Ribagorza,195.93,11288.0,10631.0,2397.0,478.0,82.48,6.91,0.08,0.05,0.03,35.65,9.31,0.0,alta montaña
Senderos de La Ribagorza,86.58,6780.0,6356.0,1536.0,547.0,82.28,6.9,0.09,0.06,0.05,25.06,9.4,0.0,alta montaña
Sentier Brenac-Lasserre-Gourgaoura,12.63,1050.0,852.0,560.0,294.0,68.1,6.18,0.09,0.05,0.04,313.9,8.43,0.0,moderado
Sentier Col de Brenac-Nez de lâ€™Homme-Roc de Capio,8.5,916.0,916.0,662.0,304.0,73.85,8.84,0.14,0.08,0.06,348.91,12.26,0.0,difícil
Sentier de la Combe Ã  la Bitarelle,5.14,250.0,250.0,201.0,131.0,80.96,6.12,0.05,0.03,0.02,314.84,8.3,0.0,difícil
Sentier de Peyre,10.77,476.0,446.0,499.0,308.0,64.98,4.54,0.04,0.02,0.02,191.52,6.12,0.0,moderado
Sentier des quatre chÃªnes,4.99,374.0,327.0,661.0,434.0,48.6,8.29,0.08,0.02,0.02,178.31,10.31,0.0,moderado
Sentier d'interprÃ©tation,2.02,377.0,359.0,650.0,497.0,71.31,15.92,0.23,0.18,0.17,265.8,21.23,0.0,alpinismo ligero
Sentier du Houcheton,3.78,343.0,343.0,588.0,405.0,80.86,9.62,0.11,0.09,0.08,228.76,12.66,0.0,alta montaña
Serra del Verd,16.08,2404.0,2404.0,2276.0,1002.0,86.38,7.99,0.12,0.1,0.09,228.26,11.07,0.0,alpinismo ligero
Setau SagÃ¨th,105.75,11936.0,11931.0,2516.0,606.0,88.61,7.64,0.11,0.08,0.07,312.81,10.44,0.0,alpinismo ligero
"Setcases, TregurÃ  i el Catllar",13.05,2126.0,2126.0,1510.0,1204.0,82.97,10.97,0.17,0.15,0.12,47.12,15.13,0.0,alpinismo ligero
"Setcases, volta al riu Carboner",7.46,965.0,965.0,1725.0,1369.0,83.02,9.74,0.15,0.11,0.1,306.86,13.41,0.0,alta montaña
Soalas deth CasterÃ s,4.4,538.0,538.0,924.0,683.0,80.87,8.21,0.12,0.11,0.09,220.84,11.24,0.0,alta montaña
SÃ¨quia de PuigcerdÃ  Enveig,7.78,240.0,240.0,1281.0,1176.0,79.91,3.73,0.03,0.02,0.02,5.67,5.03,0.0,moderado
TallÃ³ Pi Vilella Coborriu Riu,7.6,200.0,200.0,1112.0,1030.0,47.38,2.84,0.01,0.0,0.0,37.04,3.73,0.0,sendero fácil
Tavascan - Coll de Tavascan,22.81,2107.0,1064.0,2246.0,1122.0,87.3,5.19,0.08,0.06,0.05,44.47,7.28,0.0,alta montaña
Tavascan - Port de Colatx,16.12,2921.0,1642.0,2528.0,1122.0,84.57,8.49,0.13,0.1,0.09,31.2,11.93,0.0,alpinismo ligero
TaÃºs-Els Castells,2.58,343.0,272.0,1542.0,1439.0,83.26,6.05,0.09,0.08,0.07,312.65,8.57,0.0,difícil
TC061 Sant Grau del Puig Refugi d'UrÃºs Refugi del Cortal d'en Vidal,13.55,1433.0,1337.0,1684.0,1306.0,76.93,11.33,0.16,0.1,0.07,198.59,15.35,0.0,alta montaña
TC062 Guils Fontanera Refugi de la Feixa Llac de Malniu,8.45,438.0,184.0,2264.0,1910.0,42.04,4.92,0.02,0.02,0.0,296.85,5.77,0.0,sendero fácil
TC063 Saneja Sant MartÃ­ d'AravÃ³ PuigcerdÃ ,10.99,256.0,242.0,1222.0,1149.0,73.53,3.01,0.03,0.01,0.01,150.25,4.11,0.0,moderado
TC066 Malniu PuigpedrÃ³s Molleres d'Engorgs,12.22,1404.0,1404.0,2904.0,2129.0,78.49,9.78,0.12,0.08,0.08,307.1,12.73,0.0,alta montaña
TC067 Ger Bolvir,7.47,354.0,354.0,1227.0,1089.0,65.77,5.38,0.06,0.04,0.03,251.01,7.45,0.0,moderado
TC074 PuigcerdÃ  OnzÃ¨s LlÃ­via Ur Rigolisa PuigcerdÃ ,15.76,297.0,297.0,1238.0,1143.0,71.9,2.58,0.02,0.01,0.01,350.88,3.56,0.0,moderado
TC077 CamÃ­ de l'aigua de Bolvir,5.66,237.0,237.0,1213.0,1117.0,62.15,4.3,0.02,0.01,0.01,7.0,5.8,0.0,moderado
TC088 IsÃ²vol Olopte GrÃ©ixer All IsÃ²vol,13.01,985.0,985.0,1367.0,1051.0,79.93,7.76,0.1,0.06,0.05,2.34,10.42,0.0,difícil
TC092 Alp el camÃ­ de la Ribera,10.06,1157.0,878.0,1502.0,1142.0,78.93,10.64,0.14,0.1,0.09,109.08,14.48,0.0,alta montaña
TC093 Alp camÃ­ del Carboner Mort,7.93,1020.0,629.0,1651.0,1199.0,65.65,10.58,0.11,0.05,0.03,311.96,13.22,0.0,difícil
TC094 Alp Bosc de Masella Pleta de Das,8.17,516.0,1036.0,1842.0,1199.0,66.14,8.68,0.1,0.06,0.05,51.33,11.26,0.0,moderado
TC114 Coll de PendÃ­s MoixerÃ³,10.73,1294.0,992.0,2060.0,1755.0,76.24,9.02,0.14,0.1,0.08,94.22,12.32,0.0,alta montaña
TC123 Font de l'Ingla Fageda de la Mena,11.29,1509.0,1489.0,1800.0,1284.0,81.54,9.79,0.15,0.12,0.11,218.82,13.32,0.0,alta montaña
TC129 Guils Fontanera Font Negra Els Clots,7.72,525.0,526.0,2166.0,1832.0,80.99,5.42,0.08,0.04,0.04,304.37,7.45,0.0,difícil
TC138 Saneja Iravals San Pere de Sedret,5.19,272.0,267.0,1372.0,1233.0,72.99,4.84,0.05,0.03,0.02,71.55,6.58,0.0,moderado
TC165 BÃºnquers de Martinet BÃ©ixec,9.71,885.0,887.0,1317.0,919.0,82.93,7.47,0.09,0.06,0.05,295.1,9.9,0.0,difícil
TC176 UrÃºs Prats,7.51,361.0,371.0,1284.0,1102.0,80.28,4.49,0.04,0.04,0.03,340.46,6.21,0.0,difícil
TC180 Prullans Cova d'Anes,8.14,815.0,800.0,1399.0,1103.0,79.52,7.51,0.12,0.09,0.07,63.84,10.4,0.0,difícil
TC181 OliÃ  Ridolaina Nas,6.82,416.0,416.0,1256.0,1051.0,69.37,5.46,0.07,0.04,0.04,127.82,7.24,0.0,moderado
TC182 Prat de CadÃ­ Collet de l'Orri,8.41,1299.0,1299.0,1844.0,1471.0,86.57,10.64,0.17,0.13,0.12,72.29,14.7,0.0,alpinismo ligero
TC186 Bor Pedra Beders,6.81,318.0,318.0,1201.0,1067.0,64.2,5.59,0.07,0.03,0.03,74.96,7.66,0.0,moderado
TC199 Ger El Coforn,8.33,511.0,510.0,1412.0,1123.0,75.57,5.7,0.06,0.02,0.02,197.51,7.67,0.0,difícil
TC200 Riu de Cerdanya l'Avetosa,5.91,751.0,446.0,1758.0,1453.0,79.96,9.71,0.15,0.1,0.1,7.9,13.21,0.0,difícil
TC201 MÃºsser Aransa Lles de Cerdanya,13.26,1390.0,1390.0,1631.0,1244.0,78.56,8.49,0.14,0.1,0.07,142.15,11.67,0.0,difícil
TC202 Pi Roca Foradada refugi Gonec,8.33,1161.0,1079.0,1808.0,1375.0,83.64,7.31,0.12,0.1,0.09,169.82,10.36,0.0,alta montaña
TC205 Pollineres Perafita Monturull,8.99,1138.0,963.0,2755.0,2150.0,88.62,5.04,0.07,0.06,0.06,342.54,7.05,0.0,alta montaña
TC207 Bellver Cova d'Anes OrdÃ¨n,16.04,1605.0,1344.0,1519.0,1025.0,83.87,8.27,0.13,0.09,0.07,149.27,11.54,0.0,alta montaña
TC211 Prats de Gavarret Roca Foradada,6.84,973.0,973.0,1869.0,1558.0,76.26,10.14,0.17,0.13,0.1,8.44,13.64,0.0,alta montaña
TC225 Refugi de Vilallobent,9.12,662.0,662.0,1724.0,1165.0,69.26,8.0,0.1,0.02,0.01,297.07,10.47,0.0,moderado
TC229 Meranges Refugi de Malniu,11.07,1012.0,1012.0,2205.0,1523.0,68.52,8.21,0.12,0.07,0.05,325.21,11.22,0.0,difícil
TC230 Refugi de la Feixa Puig FarinÃ³s Estany de Malniu,12.77,841.0,841.0,2741.0,2156.0,69.91,6.79,0.09,0.05,0.03,183.77,8.69,0.0,difícil
TC231 Refugi del Pradell Tossa Plana de Lles,10.83,1313.0,1224.0,2899.0,2134.0,87.48,7.62,0.11,0.08,0.06,101.25,10.23,0.0,alta montaña
TC237 Talltendre Sant Mamet Casa d'OrÃ¨n,8.96,725.0,725.0,1681.0,1347.0,77.58,6.77,0.11,0.08,0.07,306.19,9.36,0.0,difícil
TC238 Refugi del Pradell Estanys de Setut Estany de l'Orri,8.77,801.0,801.0,2578.0,2071.0,78.05,7.95,0.11,0.07,0.05,26.27,10.72,0.0,difícil
TC241 Guils Fontanera,11.18,734.0,727.0,1919.0,1360.0,73.38,6.6,0.08,0.04,0.03,288.94,8.8,0.0,difícil
TC245 Guils Bolvir,9.18,545.0,545.0,1449.0,1121.0,74.4,5.75,0.07,0.03,0.01,229.86,7.78,0.0,difícil
TC246 Ger Niula,10.48,776.0,775.0,1495.0,1123.0,75.78,6.92,0.08,0.04,0.04,192.75,9.27,0.0,difícil
TC249 IsÃ²vol riu Segre All,12.18,213.0,260.0,1093.0,1031.0,59.71,2.45,0.02,0.01,0.01,229.28,3.31,0.0,sendero fácil
TC256 ArdÃ²vol Sant QuintÃ­ La Bastida Coborriu,11.59,1230.0,1246.0,1742.0,1311.0,76.42,8.58,0.13,0.09,0.06,177.63,11.6,0.0,difícil
TC257 Talltendre la Bastifa Font del Ferro,13.58,1190.0,1190.0,2236.0,1575.0,82.54,6.33,0.09,0.07,0.06,269.39,8.59,0.0,alta montaña
TC259 Martinet Travesseres,11.27,797.0,795.0,1205.0,965.0,80.4,6.11,0.09,0.07,0.06,329.47,8.55,0.0,difícil
TC261 Aransa Mirador del Pla de la Llet,19.11,1767.0,1195.0,2133.0,1471.0,76.49,6.23,0.09,0.06,0.05,263.18,8.63,0.0,difícil
TC261 Voltants de Lles de Cerdanya,6.17,468.0,468.0,1651.0,1470.0,74.46,6.92,0.11,0.08,0.06,45.66,9.56,0.0,difícil
TC269 Prats UrÃºs,10.58,398.0,398.0,1304.0,1102.0,68.44,4.09,0.04,0.02,0.01,268.71,5.55,0.0,moderado
TC273 Dolmen d'en JosepÃ³ Olopte,13.21,1469.0,1125.0,1426.0,1029.0,80.83,8.21,0.13,0.08,0.07,300.43,11.58,0.0,alta montaña
TC277 CortÃ s OrdÃ¨n,9.06,873.0,873.0,1581.0,1294.0,83.34,7.81,0.11,0.09,0.07,284.89,10.78,0.0,difícil
TC278 Baltarga Riu de Santa Maria,7.69,328.0,328.0,1153.0,1021.0,85.22,3.69,0.04,0.04,0.03,269.28,5.08,0.0,difícil
TC286 MÃºsser Roc de l'Ã€liga Sant Joan de Sobeig Roca del Corb,8.18,657.0,794.0,1397.0,1165.0,79.85,6.88,0.1,0.08,0.08,262.52,9.57,0.0,difícil
Territori Cerdanya 360,217.7,15668.0,15179.0,2264.0,963.0,85.08,6.95,0.09,0.07,0.06,343.98,9.42,0.0,alta montaña
Tour de la Cerdagne,2.14,29.0,25.0,1157.0,1138.0,25.81,2.21,0.0,0.0,0.0,177.72,3.2,0.0,sendero fácil
Tour de l'Aneto,124.99,14446.0,14409.0,2465.0,975.0,88.61,7.06,0.1,0.08,0.07,310.08,9.69,0.0,alta montaña
Tour des Hameaux,10.86,525.0,536.0,684.0,492.0,58.81,4.77,0.05,0.03,0.02,327.61,6.49,0.0,sendero fácil
Tour des Montagnes d'Ax,85.52,9326.0,7598.0,2513.0,663.0,88.9,6.99,0.1,0.08,0.06,189.85,9.54,0.0,alta montaña
Tour du Bois des BruyÃ¨res,11.96,424.0,445.0,425.0,252.0,54.6,5.08,0.06,0.03,0.01,335.51,7.27,0.0,moderado
Tour du Capcir,63.01,4528.0,4528.0,2333.0,1416.0,80.62,6.36,0.09,0.06,0.04,352.36,8.78,0.0,alta montaña
Tour du Carlit,50.48,4887.0,4887.0,2442.0,1406.0,86.42,6.87,0.1,0.07,0.06,330.5,9.5,0.0,alta montaña
Tour du Lac de Montbel,15.3,580.0,580.0,433.0,390.0,46.59,4.23,0.03,0.01,0.0,156.75,5.83,0.0,sendero fácil
"Tour du Lauragais, variante Saint-Amans",23.44,741.0,833.0,368.0,260.0,72.63,4.16,0.03,0.01,0.01,345.42,5.54,0.0,moderado
Tour du Lauragais,151.46,3550.0,3503.0,400.0,129.0,73.13,3.2,0.02,0.01,0.01,154.53,4.27,0.0,difícil
Tour du moulin,8.18,1261.0,1261.0,1069.0,727.0,85.39,10.91,0.17,0.14,0.13,126.73,15.24,0.0,alpinismo ligero
Tour du Pays d'Olmes,67.92,5279.0,5279.0,1114.0,430.0,84.98,7.0,0.09,0.05,0.04,106.73,9.58,0.0,alta montaña
Tour du Pic des Trois Seigneurs,46.96,4196.0,4837.0,2055.0,826.0,88.44,7.79,0.12,0.09,0.08,156.43,10.75,0.0,alpinismo ligero
Tour du Roc de l'Orri d'Ignaux,19.49,1826.0,1818.0,1669.0,719.0,85.14,6.58,0.09,0.06,0.05,49.58,9.03,0.0,difícil
TransfrontaliÃ¨re 65,16.5,2227.0,584.0,2392.0,749.0,85.51,4.99,0.07,0.06,0.05,173.03,6.87,0.0,alta montaña
Transfronterizo,26.85,1354.0,2393.0,2458.0,1365.0,87.22,7.29,0.11,0.08,0.07,274.57,10.06,0.0,alta montaña
Travessa dels 3 refugis,59.95,8329.0,7622.0,2719.0,1149.0,88.72,7.11,0.1,0.08,0.08,117.79,9.84,0.0,alpinismo ligero
Tres Barrancos,3.3,809.0,853.0,1466.0,1153.0,86.79,11.62,0.17,0.17,0.15,54.05,16.23,0.0,alpinismo ligero
Tres Cascadas,12.66,1069.0,807.0,1837.0,1526.0,84.11,7.22,0.11,0.09,0.07,306.34,9.97,0.0,difícil
Trescant per la Serra de Puig d'Estela,12.08,1216.0,1216.0,1304.0,949.0,83.3,7.58,0.11,0.09,0.08,95.06,10.37,0.0,alta montaña
Tuc de TujastÃ³,14.89,2210.0,1779.0,1997.0,722.0,83.7,10.04,0.16,0.11,0.09,242.01,13.39,0.0,alpinismo ligero
TurÃ³ Galliner,6.04,660.0,439.0,1602.0,1250.0,75.92,7.53,0.09,0.06,0.05,203.29,10.08,0.0,difícil
"Un chemin, une Ã©coleÂ® Cadirac Foix - 2024 ""La Montagne en Ville""",5.64,314.0,304.0,604.0,414.0,67.38,5.89,0.08,0.06,0.05,146.93,7.97,0.0,moderado
Une Chemin Une Ã‰cole,3.68,217.0,214.0,701.0,572.0,73.08,4.83,0.06,0.05,0.04,78.41,6.65,0.0,moderado
Urus Penyes Altes del MoixerÃ³,20.91,2829.0,1870.0,2229.0,1268.0,81.65,10.03,0.14,0.1,0.08,194.13,13.68,0.0,alpinismo ligero
Vall de BarravÃ©s,8.69,345.0,365.0,1092.0,965.0,72.97,4.61,0.05,0.04,0.04,356.56,6.39,0.0,moderado
Vallgofona de RipollÃ¨s-Vallfogona de RipollÃ¨s,29.07,2611.0,2611.0,1535.0,792.0,82.98,6.6,0.09,0.07,0.07,276.93,9.06,0.0,alta montaña
Vallter-NÃºria,24.46,2164.0,2299.0,2800.0,1972.0,87.17,6.92,0.1,0.08,0.07,106.64,9.64,0.0,alta montaña
VallÃ©e de l'Hers,19.89,632.0,590.0,678.0,455.0,74.66,4.76,0.06,0.04,0.03,44.13,6.3,0.0,moderado
Variant: Bellver de Cerdanya - Cal Jan de la Llosa,18.82,1813.0,1207.0,1742.0,1025.0,75.74,7.8,0.1,0.05,0.04,320.89,10.39,0.0,difícil
Variant Coma de Vaca,14.07,1945.0,2456.0,2433.0,1970.0,86.57,8.13,0.12,0.1,0.1,272.29,11.18,0.0,alpinismo ligero
Variant el Pont de Suert,61.45,8971.0,8523.0,2685.0,870.0,88.45,5.29,0.07,0.07,0.06,62.43,7.43,0.0,alta montaña
Variant Estanys de la Pera,30.13,2846.0,2423.0,2574.0,1468.0,83.94,6.7,0.1,0.07,0.06,116.85,9.24,0.0,alta montaña
Variant: Font de la Bruixa - MolÃ­ de Feners,12.39,1221.0,1671.0,1650.0,1103.0,84.65,6.3,0.09,0.08,0.07,305.81,8.75,0.0,difícil
Variant Fontalba,11.76,1209.0,1462.0,2200.0,1817.0,86.57,9.7,0.15,0.12,0.1,330.16,13.65,0.0,alpinismo ligero
Variant MollÃ³,22.73,2490.0,1635.0,2484.0,1190.0,82.36,7.69,0.1,0.07,0.06,298.14,10.47,0.0,alta montaña
Variant Port de Caldes,7.37,1062.0,923.0,2589.0,2001.0,82.56,9.61,0.17,0.1,0.09,102.94,13.13,0.0,alpinismo ligero
Variant Refugi del Pla de la Font,9.97,1523.0,1215.0,2120.0,1318.0,81.56,9.75,0.15,0.11,0.09,252.83,13.44,0.0,alpinismo ligero
Variante 19.1,16.13,1581.0,2348.0,2588.0,1252.0,87.88,8.04,0.12,0.09,0.08,115.82,11.21,0.0,alpinismo ligero
Variante 20.1,21.93,1495.0,1614.0,1862.0,1250.0,84.86,6.5,0.08,0.06,0.05,39.52,9.05,0.0,difícil
Variante 20.2,13.23,1306.0,2354.0,2717.0,1272.0,82.89,9.55,0.16,0.12,0.11,87.58,13.32,0.0,alpinismo ligero
Variante 21.1,6.52,1801.0,440.0,3279.0,1916.0,80.55,9.92,0.16,0.13,0.11,178.85,13.73,0.0,alpinismo ligero
Variante 21.2,28.94,3268.0,2878.0,2726.0,1250.0,85.75,8.77,0.12,0.08,0.06,85.04,11.58,0.0,alpinismo ligero
Variante Circuito de los tres Refugios,21.43,2920.0,3097.0,2862.0,1712.0,86.29,8.68,0.14,0.11,0.1,264.25,12.06,0.0,alpinismo ligero
Variante Plan de Senarta - Refugio cap de Llauset,25.23,3218.0,2187.0,2819.0,1365.0,81.17,8.04,0.13,0.09,0.07,120.43,10.93,0.0,alpinismo ligero
Vertical Arp,6.76,1373.0,450.0,1908.0,949.0,79.3,9.63,0.15,0.12,0.11,125.78,13.45,0.0,alta montaña
Vertical de Sant Quiri,4.68,182.0,987.0,1463.0,643.0,86.95,4.19,0.06,0.05,0.05,111.71,5.87,0.0,difícil
Vertical Narieda,3.47,747.0,164.0,1171.0,581.0,85.16,5.11,0.07,0.07,0.06,160.95,7.07,0.0,difícil
Vertical Santa Fe,3.97,851.0,233.0,1185.0,567.0,84.05,7.27,0.12,0.1,0.09,254.29,9.94,0.0,alta montaña
Via Aran - Pirineus,19.2,892.0,1491.0,1573.0,966.0,83.23,5.33,0.06,0.05,0.04,196.19,7.42,0.0,difícil
Via Calda,85.09,6560.0,6761.0,2589.0,638.0,85.12,5.7,0.08,0.06,0.05,9.63,7.9,0.0,alta montaña
Via ferrata Canal de la Mora,0.34,44.0,160.0,1820.0,1660.0,77.84,11.98,0.18,0.18,0.18,128.61,19.99,0.0,alpinismo ligero
Via Garona,172.31,4510.0,4154.0,509.0,139.0,85.43,2.92,0.02,0.01,0.01,229.51,3.93,0.0,difícil
Vias Ferratas de Huesca,652.6,2690.0,2603.0,1563.0,457.0,85.78,8.55,0.13,0.12,0.11,328.75,12.01,0.0,alpinismo ligero
"Vilaller, ruta gormanda",4.97,423.0,440.0,1154.0,965.0,77.31,7.47,0.1,0.06,0.05,58.56,10.31,0.0,difícil
"Voie du PiÃ©mont, Saint-Bertrand-de-Comminges - BagnÃ¨res-de-Bigorre",3.96,237.0,215.0,579.0,480.0,56.65,6.52,0.07,0.06,0.03,252.23,8.57,0.0,moderado
Volta a CabÃ³ per la Borda,3.78,145.0,145.0,826.0,714.0,44.06,3.7,0.01,0.01,0.0,80.33,4.78,0.0,sendero fácil
Volta a la Serra del Morral,5.67,387.0,290.0,1035.0,786.0,69.86,4.91,0.08,0.06,0.05,95.83,6.88,0.0,moderado
Volta al CadÃ­-MoixerÃ³,150.81,13451.0,13451.0,2110.0,668.0,85.11,7.89,0.11,0.08,0.06,79.83,10.66,0.0,alta montaña
Volta al Pedraforca,15.62,2365.0,2362.0,2366.0,1425.0,84.57,9.39,0.14,0.11,0.1,113.39,12.72,0.0,alpinismo ligero
Volta al Segre,12.76,128.0,111.0,722.0,675.0,44.14,2.04,0.01,0.01,0.0,76.6,2.67,0.0,sendero fácil
Volta pels boscos de Sant Joan de l'Erm,10.56,741.0,804.0,1952.0,1509.0,79.29,7.11,0.08,0.06,0.05,28.39,9.67,0.0,difícil
Ã€ travers Champs et Vignes,17.19,392.0,392.0,285.0,217.0,63.37,2.4,0.01,0.01,0.01,243.7,3.23,0.0,moderado
Ã€rea d'esbarjo de Boet al Port de Boet,3.6,67.0,715.0,2529.0,1864.0,64.85,9.31,0.09,0.04,0.03,274.48,11.49,0.0,difícil
Ã‰tang d'Artax,4.43,1035.0,223.0,1730.0,904.0,86.12,7.36,0.11,0.08,0.08,228.54,10.04,0.0,alta montaña
Ã‰tang du Laurenti,5.09,645.0,316.0,2010.0,1638.0,82.67,9.45,0.14,0.12,0.1,210.81,12.46,0.0,alta montaña
Ã‰tangs de Fontargente,7.79,944.0,944.0,2167.0,1697.0,83.96,6.91,0.1,0.07,0.06,15.73,9.54,0.0,difícil
Ã‰tangs Long et Rond,15.93,2620.0,2565.0,2438.0,937.0,86.43,7.56,0.11,0.09,0.09,102.47,10.47,0.0,alpinismo ligero
Ã‰tape 21,15.16,1285.0,1868.0,2975.0,1742.0,85.51,6.69,0.09,0.07,0.06,103.55,9.0,0.0,alta montaña
Ã‰tape 22,14.51,1551.0,1850.0,2949.0,1607.0,87.15,7.29,0.1,0.07,0.06,119.63,9.7,0.0,alta montaña
